id,name,chineseName,altNames,originCountry,originRegion,developedYear,parentage,description,plantType,environment,processing,oxidation,roasting,versatility,authorshipRung
anji-bai-cha,Anji Bai Cha,安吉白茶,Anji White Leaf,China,Anji (Zhejiang),1982,"A rare, natural mutation discovered in the wild and then propagated.","'Anji White Tea'. A unique and fascinating cultivar that, despite its name, is processed as a green tea. In the low temperatures of early spring, its leaves have an albino-like appearance due to a lack of chlorophyll. This results in an exceptionally high concentration of amino acids, producing a tea with a powerful, savory 'umami' flavor unlike any other green tea.","Delicate, temperature-sensitive bush (Camellia sinensis var. sinensis).",Requires a specific microclimate with a cool spring to trigger its albino phase. It thrives in the bamboo-rich terroir of Anji County.,"Processing must be extremely gentle to protect the delicate, amino-acid-rich leaves. The goal is to do as little as possible to let the unique character of the raw material shine through.",Zero oxidation. The leaves are lightly steamed or pan-fired at a low temperature to halt oxidation while preserving their delicate structure and chemical composition.,"No roasting. The tea is simply dried at a low temperature after the kill-green step. Any roasting would destroy its unique, savory flavor.","Extremely specialized. This cultivar is cultivated for one purpose only: to create the unique, umami-rich green tea known as Anji Bai Cha.",drafted
asahi,Asahi,あさひ,Morning Sun,Japan,Kyoto (Uji),1950,Selected from the native Uji Zairai population.,"'Morning Sun'. An old and revered elite cultivar from Uji, Kyoto. It is considered one of the absolute highest-grade cultivars for Matcha production, prized for its supremely elegant, profoundly sweet, and umami-rich profile with almost no bitterness. It is often used for top-tier, ceremonial-grade Matcha.","Delicate, slow-growing, semi-upright bush with thin leaves (Camellia sinensis var. sinensis).","Requires the specific, stable, and rich terroir of Uji. It is a demanding cultivar with a low yield, reserved for the best plots.","Asahi is a shading master. It must be shaded for an extended period (20+ days) to develop its unique chemical composition, which is high in L-theanine and low in catechins. The leaves are very delicate and must be handled with extreme care.",Zero oxidation. The leaves are lightly steamed immediately after harvest to preserve their delicate character.,"No roasting. The leaves are processed into Tencha by being dried flat in a specialized 'tencha-ro' oven, which prepares them for stone-grinding without altering their pure flavor.","Extremely specialized. Asahi is a 'thoroughbred' cultivar used exclusively for producing the most premium, ceremonial-grade Matcha in Japan.",drafted
asatsuyu,Asatsuyu,あさつゆ,,Japan,Kyoto,1953,,"'Morning Dew'. A legendary cultivar often referred to as a 'natural Gyokuro' due to its intense, sweet umami flavor, even when grown unshaded as Sencha. It is one of the parents of the elite Saemidori cultivar and is prized by connoisseurs for its powerful, savory, and sweet character, though it can be difficult to cultivate.",,,,,,,drafted
ba-xian,Ba Xian,八仙,Eight Immortals Dan Cong,China,Phoenix Mountains (Guangdong),1990,Clonal selection from a Song Zhong mother tree.,"'Eight Immortals'. A powerful and assertive clonal Dan Cong cultivar, developed from eight cuttings of a venerable Song Zhong mother tree. It is renowned for its intense, almost aggressive fragrance and a strong, impactful flavor profile that sets it apart from more delicate floral types.","Vigorous arbor type with dark green, shiny leaves (Camellia sinensis var. sinensis).","Grows in the high-altitude, rocky terroir of the Phoenix Mountains, which provides the mineral foundation for its strong character.",integrate its flavors,and build a lasting,"resonant finish without overpowering the core aroma.,Highly specialized. Ba Xian is a singular expression of a powerful","high-aroma Dan Cong oolong and is not used for other tea styles.
Long Jing #43,龙井43号,The most widespread and commercially important modern cultivar for West Lake Long Jing tea. Developed in the 1970s",drafted
bai-ji-guan,Bai Ji Guan,白鸡冠,White Cockscomb,China,Wuyi Mountains (Fujian),1368,"One of the four original, legendary Wuyi cultivars, named for its unique appearance.","'White Cockscomb'. A rare and unique member of the 'Si Da Ming Cong', Bai Ji Guan stands apart from all other Wuyi oolongs. It is named for its peculiar pale, yellowish-green leaves and is processed with a much lighter hand, resulting in a creamy, sweet, and custardy flavor profile that contrasts sharply with the dark, roasty character of its famous brethren.","Small, slow-growing, semi-upright bush with delicate branches (Camellia sinensis var. sinensis).",Requires a specific microclimate within the Wuyi Mountains. It is less hardy than other Yancha cultivars and requires great care.,"Processing Bai Ji Guan requires immense skill and a light touch. The leaves are more fragile than other Wuyi cultivars, so the bruising and oxidation steps must be gentle to avoid bitterness and preserve its delicate aromatics.","Oxidation is kept very light for a Yancha (20-30%). This preserves the leaf's natural pale color and its sweet, creamy, and corn-like flavor notes.",Roasting is minimal and done at a very low temperature. It is more of a final drying bake than a flavor-altering roast. The goal is to stabilize the tea while allowing its inherent sweetness and unique flavor to shine.,"Extremely specialized. Bai Ji Guan represents a unique, almost historical style of light Yancha. It is not versatile and can only be made in this specific way.",drafted
bai-wen,Bai Wen,白文,White Hairs;TRES #17,Taiwan,"Hsinchu, Miaoli",2000,(Qing Xin Da Mao x TRES-1407),"'White Hairs'. A modern cultivar developed by TRES specifically for the production of leafhopper-bitten teas like Oriental Beauty. It was designed to be a more productive and pest-resistant alternative to the traditional Qing Xin Da Mao cultivar, while still being able to produce the signature honey-fruit fragrance when bitten by the tea leafhopper.","Vigorous, upright bush with large, downy leaves.","Grows well in the same hot, humid, and leafhopper-rich environments as Qing Xin Da Mao in northwestern Taiwan.",Processing is identical to that of traditional Oriental Beauty. The key is that the leaves must be bitten by the tea leafhopper to initiate the chemical changes that create the unique aroma.,Undergoes heavy oxidation (60-70%) to fully develop the complex honey and fruit flavors that result from the insect bites.,Completely unroasted. All the flavor and aroma are developed through the natural reaction to the insect bites and the subsequent heavy oxidation.,"Extremely specialized. This cultivar was bred for the single purpose of making Oriental Beauty oolong, offering farmers a more reliable option.",drafted
ban-tian-yao,Ban Tian Yao,半天腰,Mid-level;Half-way to Heaven,China,Wuyi Mountains (Fujian),1644,Selected from the native Wuyi heirloom population.,"'Half-way to the Sky'. A classic Wuyi Rock Oolong named for the legend of its original bush growing halfway up a cliff. It is celebrated for its perfect balance and elegance, often described as the ideal middle-ground Yancha—lacking the sharp spice of Rou Gui or the deep woodiness of Shui Xian, it instead offers a clear, sweet, and floral profile.","Upright, medium-sized arbor type, well-adapted to rocky growth (Camellia sinensis var. sinensis).","Best expresses itself in the core 'Zhengyan' region of the Wuyi Mountains, where the mineral-rich terroir contributes to its balanced flavor.",The processing of Ban Tian Yao is a balancing act itself. The goal is not to impart extreme flavors but to reveal the cultivar's natural elegance. Its leaves are robust enough for traditional Yancha processing but shine when not pushed to extremes.,Undergoes a standard medium-to-heavy oxidation for Yancha (40-60%) to develop a solid foundation of flavor that enhances its floral and fruity notes.,"Typically receives a medium charcoal roast. This is enough to create the desired 'rock rhyme' and smoothness but light enough to preserve its delicate floral top notes, which could be lost with a heavier bake.",Highly specialized. Ban Tian Yao is a pure expression of the traditional Wuyi Rock Oolong style and is not used for other types of tea.,drafted
bei-dou,Bei Dou,北斗,North Star;Bei Dou Yi Hao (North Star #1),China,Wuyi Mountains (Fujian),1960,"Cloned from the Bei Dou mother tree, which itself was said to be a cutting from an original Da Hong Pao bush.","'North Star'. A prestigious Wuyi Rock Oolong cultivar directly descended from the legendary Da Hong Pao lineage. It is renowned for its powerful and robust character, thick body, and a classic roasted flavor profile that is both complex and deeply satisfying, making it a favorite among seasoned Yancha drinkers.","Sturdy, upright arbor type well-adapted to rocky terrain (Camellia sinensis var. sinensis).","Grows best in the core 'Zhengyan' region of the Wuyi Mountains, where the mineral-rich soil and terroir create its powerful flavor.",The processing of Bei Dou is a classic example of traditional Yancha craftsmanship. Its strong leaves can withstand the necessary heavy oxidation and multiple roasts that build its complex character.,"Undergoes heavy oxidation (50-60%) to develop a rich, fruity, and robust flavor base that serves as the perfect foundation for the charcoal roasting process.","Receives a medium-to-heavy charcoal roast, often in multiple stages. This is essential for creating its signature roasted depth, smoothing its texture, and developing the long, sweet finish.","Highly specialized. Bei Dou is a pure expression of the traditional, powerful Wuyi Rock Oolong style and is not used for other types of tea.",drafted
ben-shan,Ben Shan,本山,Origin Mountain,China,Anxi (Fujian),,"Close genetic relative of Tie Guan Yin, selected from the same Anxi heirloom population.","'Original Mountain'. A close genetic relative of Tie Guan Yin from the neighboring mountains of Anxi. Ben Shan is known for producing a lighter-bodied oolong with a very clear, high-pitched floral aroma, often described as being more straightforward and less complex than its famous cousin. It is a popular and more affordable daily-drinker oolong.","Upright bush type, similar in appearance to Tie Guan Yin but slightly less robust (Camellia sinensis var. sinensis).",Grows in similar conditions to Tie Guan Yin but is often found in slightly different microclimates within the greater Anxi region.,"Ben Shan's leaves are thinner and more delicate than Tie Guan Yin's, making them best suited for light-handed processing. They develop their floral aroma quickly but cannot withstand heavy oxidation or roasting.","Oxidation is kept very low (10-20%) to preserve its fresh, delicate, and high-pitched floral notes. The goal is to maximize the upfront aroma.","Almost never roasted, other than a final, low-temperature drying bake. Its delicate character would be completely overwhelmed by any significant roasting.","Not very versatile. It excels at one thing: being a light, fresh, and aromatic green-style oolong. It lacks the substance for traditional processing or for making other tea types.",drafted
benifuki,Benifuki,べにふうき,,Japan,Kagoshima,1993,,"'Red Riches'. Japan's most famous and important black tea cultivar. It is a powerful hybrid of Assamica varieties, bred to produce a robust, full-bodied black tea with a strong astringency and notes of plum and citrus. It is also famous for its high content of methylated catechins, which are studied for their anti-allergic properties.",,,,,,,drafted
benihikari,Benihikari,べにひかり / 紅ひかり,,Japan,Kagoshima,1969,,"'Red Light'. A classic Japanese black tea cultivar with Darjeeling lineage, known for its muscatel-like aroma.",,,,,,,drafted
bi-luo-chun-qunti,Bi Luo Chun Qunti,碧螺春群体,Dongting Bi Luo Chun,China,"Dongting, Jiangsu",0,"The native, seed-propagated heirloom population of the Dongting mountains.","'Bi Luo Chun Population'. The original, small-leaf heirloom population from the Dongting mountains, famous for producing one of China's top ten green teas. The bushes are traditionally interplanted with fruit trees (like apricot, plum, and loquat), and the tea is said to absorb their fragrance. The finished tea consists of tiny, downy buds that are hand-rolled into a distinctive spiral shape.","Small, sprawling bushes with a less upright habit (Camellia sinensis var. sinensis).","Grows in the unique microclimate of the Dongting peninsula on Lake Tai, where the lake effect moderates temperatures and the soil is ideal. Intercropping with fruit trees is key to the traditional terroir.","The processing is incredibly laborious. The tiny, tender buds are pan-fired in a wok and simultaneously hand-rolled into their characteristic tight spiral shape. This requires immense skill to do without crushing the delicate buds.","Zero oxidation. The tea is pan-fired immediately after being picked to preserve its fresh, vibrant character.",No roasting. The pan-firing process serves to both kill-green and dry the tea.,Completely specialized. This heirloom cultivar is inextricably linked to the unique hand-processing and terroir of Dongting Bi Luo Chun.,drafted
chin-hsin,Chin Hsin,沁心,Soothing Heart;TRES #22,Taiwan,Nantou,2016,(Jin Xuan x Qing Xin) x Cui Yu,"'Soothing Heart'. One of the newest cultivars released by TRES (2016), it was bred for broad appeal, combining the creamy texture of Jin Xuan with the elegant floral notes of Qing Xin. It is a modern, well-rounded cultivar designed for producing high-quality light oolongs.","Upright, vigorous bush with good yield.",Adaptable to the mid-altitude oolong-producing regions of Taiwan.,"Processing aims to capture the best of both its parents, requiring careful withering to develop both the creamy and floral notes simultaneously.","Undergoes light oxidation (15-30%) to maintain a fresh, aromatic profile.","Unroasted, to preserve the delicate balance of its creamy and floral characteristics.","Specialized for light oolongs. It was bred to be a high-quality, modern oolong and is not intended for other styles.",drafted
cui-yu,Cui Yu,翠玉,Tai Cha #13;Jade Oolong,Taiwan,Nantou,1981,TRES-2022 x Tainung #80,"'Jade'. Developed in 1981 by Taiwan's Tea Research and Extension Station (TRES), Cui Yu was bred for its powerful, unforgettable floral aroma. Often compared to magnolia and lily, it has become a cornerstone of modern Taiwanese oolongs, beloved for its high yield and fragrant character.","Early-sprouting, high-yielding arbor type (Camellia sinensis var. sinensis)","Thrives in the misty, humid conditions of mid-to-high elevations (400-1,200m). Known for its vigor and good resistance to drought.","Cui Yu's signature floral aroma is best expressed through controlled, light processing that emphasizes its natural aromatics over heavy-roast flavors.",Typically undergoes light oxidation (15-30%) for oolongs. The extended withering process is crucial for developing its complex magnolia and gardenia notes.,"Generally unroasted or receives a very light, low-temperature finishing roast for drying purposes. Heavy roasting can easily overwhelm its delicate floral bouquet.","It is a versatile cultivar. While ideal for light oolongs, careful full oxidation can produce a uniquely aromatic black tea that retains some of its floral heritage.",drafted
da-hong-pao,Da Hong Pao,大红袍,,China,Wuyi Mountains (Fujian),,,"'Big Red Robe'. The most legendary and revered of all Wuyi Rock Oolongs. While the name refers to a few specific mother trees, most Da Hong Pao on the market is a masterful blend of other high-quality Wuyi cultivars (like Rou Gui and Shui Xian) made in the DHP style. It is the benchmark for the complex 'rock rhyme' (Yan Yun)—a unique mineral taste and texture derived from its rocky terroir.",,,,,,,drafted
da-ye-zhong,Da Ye Zhong,大叶种,Yunnan Big Leaf,China,Yunnan,0,"The native, ancient tea varietal of Yunnan Province.","'Big Leaf Variety'. This is not a single cultivar, but the broad-leaf botanical varietal, Camellia sinensis var. assamica, native to Yunnan. It is the genetic mother of all Yunnan tea and is known for its robustness, powerful flavor, and suitability for fermentation and aging. It is the raw material for both Pu'er and Dian Hong black tea.","Can grow into a large, ancient tree (gushu) or be cultivated as a bush (Camellia sinensis var. assamica).","Thrives in the subtropical, mountainous, and biodiverse environment of Yunnan Province, with many distinct regional terroirs (e.g., Yiwu, Bulang, Lincang).","This varietal's large, robust leaves are rich in polyphenols, making them ideal for the microbial fermentation of Pu'er tea and for creating complex, malty black teas. They can withstand significant processing.",Oxidation varies dramatically by style. Sheng Pu'er is essentially an unoxidized (0%) sun-dried green tea. Dian Hong and Shu Pu'er are fully oxidized (100%).,Roasting is generally not a feature. Sheng Pu'er is sun-dried. Dian Hong is dried with hot air. Shu Pu'er is dried after its fermentation pile is complete.,"Extremely versatile. As a foundational varietal, it is the basis for Yunnan's most famous and diverse tea styles, from green (Pu'er) to black (Dian Hong).",drafted
da-yeh-oolong,Da Yeh Oolong,大葉烏龍,Big Leaf Oolong,Taiwan,"Hualien, Yilan",1901,"Derived from Camellia sinensis var. assamica, brought from India.","'Big Leaf Oolong'. This refers to a large-leaf Assamica varietal that has been cultivated in Taiwan for over a century. While not as famous for oolong as the small-leaf sinensis varieties, it can be crafted into a unique, full-bodied oolong. Its most important role, however, was as the genetic foundation for Taiwan's modern black tea breeding programs, including being a parent of Hong Yu #18.","Large, robust bush or tree with large, drooping leaves (Camellia sinensis var. assamica).","Thrives in the hot, humid, and sunny low-altitude regions of eastern Taiwan.","As an Assamica varietal, its leaves are rich in polyphenols, making them ideal for full oxidation. They are robust and can withstand heavy rolling to break down cell walls and encourage a strong, malty flavor.","When made into black tea, it undergoes full oxidation (100%). When made into oolong, it requires heavy oxidation (50-70%) to tame its natural astringency.",No roasting. The tea is typically dried with hot air.,"Primarily used for black tea. While it can be made into a niche oolong, its chemical composition and leaf structure are perfectly suited for producing strong, malty black tea.",drafted
fo-shou,Fo Shou,佛手,Buddha's Hand,Taiwan,"Muzha, Taipei",1644,"Brought from Yongchun, Fujian, China.","'Buddha's Hand'. A large-leaf cultivar with origins in Yongchun, Fujian, that is also cultivated in Taiwan. It is named for its unusually large leaves, which resemble a Buddha's hand citron. In Taiwan, it is most famously used to create a distinct style of traditionally crafted, heavily roasted oolong in the Muzha area.","Large, sprawling bush with very large, broad, and dark green leaves (Camellia sinensis var. sinensis).","Grows well in the mid-elevation, humid environments of northern and central Taiwan.","The large leaves of Fo Shou contain a lot of water and require a long, slow withering process. Their size and substance make them ideal for withstanding the stress of heavy oxidation and deep, slow roasting.","Undergoes heavy oxidation (50-60%) to develop a deep, fruity, and honey-like flavor base that serves as the perfect canvas for roasting.","Very well-suited to heavy roasting. The traditional Muzha style involves multiple, slow bakes over charcoal, which builds immense depth, removes all astringency, and creates a signature caramel-like sweetness.","Specialized for traditional, heavily roasted oolongs. Its large leaf structure is not well-suited for light, 'green' oolong styles.",drafted
fuding-da-bai,Fuding Da Bai,福鼎大白,Fuding Big White;Hua Cha #1 (technical name),China,Fuding (Fujian),1885,Selected from the native Fuding heirloom population for its large buds.,"'Fuding Big White'. The premier cultivar of Chinese white tea, Fuding Da Bai is the genetic backbone of the world's most famous white teas, including Silver Needle. It is celebrated for its large, fleshy buds that are covered in a thick layer of silvery-white down, which produce a tea that is exceptionally delicate, sweet, and clean.","Vigorous, large, early-sprouting bush with good cold resistance (Camellia sinensis var. sinensis).","Prefers the mild, humid, and foggy coastal climate of Fuding, where the sea breezes and misty conditions are ideal for the slow withering process of white tea.","The entire philosophy of processing this cultivar is minimalism. The goal is to preserve the natural state of the leaf with as little human intervention as possible. The thick, downy buds are key to its character.","Oxidation is natural and very minimal (<5%), occurring slowly during the extended withering phase. There is no 'kill-green' step, allowing for a slight enzymatic change that develops its sweetness.",No roasting is involved. The tea is simply withered (in the sun or indoors depending on weather) and then gently dried at a low temperature to remove the final moisture.,"Primarily specialized for white tea, where it is the undisputed champion. While it can be made into a simple black tea, its structure and flavor are best expressed through the gentle processing of white tea.",drafted
goko,Goko,ごこう,,Japan,Kyoto (Uji),1950,,"'Enlightenment'. A classic and elite cultivar from Uji, Kyoto, Goko is one of the most important traditional cultivars for producing the highest grades of Gyokuro and Matcha. It is celebrated for its ability to develop an intense, profound, and savory 'umami' flavor when shaded, creating the archetypal 'brothy' character of Uji Gyokuro.",,,,,,,drafted
gui-hua-xiang,Gui Hua Xiang,桂花香,Osmanthus Dan Cong,China,Phoenix Mountains (Guangdong),1644,"One of the ten traditional fragrance types, selected from the native Phoenix Mountain population.","'Osmanthus Fragrance'. A classic and beloved Phoenix Dan Cong oolong fragrance type. It is celebrated for its delicate, elegant, and very clear aroma of sweet osmanthus flowers. It is less overwhelmingly powerful than Mi Lan Xiang, offering a more refined and purely floral experience.",Medium-sized Dan Cong arbor (Camellia sinensis var. sinensis).,"Grows in the high-altitude, misty environment of the Phoenix Mountains, which allows for the slow development of its delicate aromatic compounds.",delicate fragrance without introducing any heavier,"distracting notes. The withering and bruising steps are carefully managed to hit the perfect aromatic peak.,Undergoes a light-to-medium oxidation (25-35%) to develop its floral character while maintaining a fresh and clean profile.,Receives a very light","low-temperature finishing roast. This is done to stabilize the tea and enhance its sweetness without adding any baked or roasted flavors that would mask the osmanthus scent.,Highly specialized. This is a classic fragrance profile within the Dan Cong oolong family and is not made in any other style.
Ju Duo Zai,锯朵仔,'Saw-leaf'. A rare",old-grove Dan Cong varietal from the Phoenix Mountains,drafted
hong-yu,Hong Yu,红玉,Ruby;Tai Cha #18,Taiwan,Sun Moon Lake (Nantou),1999,C. sinensis var. assamica (Burma) x C. formosensis (Taiwanese Wild Tea),"'Ruby'. Taiwan's most famous and unique black tea, Hong Yu is a modern hybrid developed by TRES. It is celebrated for its truly singular and powerful aroma, a complex bouquet of cinnamon, wintergreen, and mint, layered over a rich, malty base. It is a world-class black tea that has become an icon of the Taiwanese tea industry.","Vigorous, large-leaf bush with a strong upright growth habit.","Prefers the warm, extremely humid, and stable climate around Sun Moon Lake, which mimics the conditions needed by its Assamica parentage.","The processing is a relatively standard black tea method (wither, roll, oxidize, dry), but the magic is in the unique genetics of the leaf itself. The goal is simply to fully express the inherent character of the cultivar.",Undergoes full and complete oxidation (100%) to develop the deep red color and the complex aromatic compounds that define it.,No roasting. The tea is dried with hot air to halt oxidation and reduce moisture content. All of its flavor comes from the leaf chemistry and oxidation.,"Completely specialized. Hong Yu was bred for the express purpose of making a world-class black tea, and its unique genetics make it unsuitable for other styles.",drafted
hong-yun,Hong Yun,红韵,Red Rhyme;TRES #21,Taiwan,Sun Moon Lake (Nantou),2008,Indian 'Kyang' varietal x Keemun varietal,"'Red Rhyme'. Another modern black tea masterpiece from TRES, Hong Yun was developed to have a more fruit-forward and floral profile compared to Hong Yu's spicy character. It is known for its bright, uplifting aroma of citrus fruits like yuzu and orange peel, combined with a sweet, lingering floral finish.","Vigorous bush, slightly smaller and more compact than Hong Yu.","Grows well in the warm, humid environment of Yuchi (Sun Moon Lake) and other black tea producing regions in Taiwan.","Like Hong Yu, the processing is a standard black tea method. The skill of the tea master lies in perfectly timing the oxidation to capture the peak of its citrus and floral aromatics.",Undergoes full oxidation (100%) to develop its bright red liquor and complex fruity-floral flavor profile.,No roasting. The tea is dried with hot air. Its flavor is derived from its unique parentage and the oxidation process.,"Completely specialized. Hong Yun was specifically bred to create a unique, aromatic black tea and is not used for other tea styles.",drafted
huang-guan-yin,Huang Guan Yin,黄观音,Yellow Goddess of Mercy,China,Wuyi Mountains (Fujian),1990,Huang Dan (Huang Jin Gui) x Tie Guan Yin,"'Yellow Goddess'. A successful modern hybrid cultivar, created by crossing Huang Jin Gui (for aroma) and Tie Guan Yin (for substance). It is an intensely aromatic tea, often presenting a bouquet of powerful floral notes like gardenia and magnolia, and has become a popular 'new style' of Wuyi Rock Oolong.","Vigorous, productive, early-sprouting hybrid bush (Camellia sinensis var. sinensis).","Bred to be vigorous and adaptable, it is grown in both Anxi and Wuyi. In Wuyi, the rocky terroir adds a mineral foundation to its powerful aroma.","This cultivar was designed for aroma, so the entire processing chain is geared towards preserving its highly volatile floral compounds. Gentle handling is key.",Oxidation is kept on the lighter side for an oolong (20-40%) to maintain the freshness and vibrancy of its floral character.,"Roasting, especially for the Yancha style, must be very light and at a low temperature. It is more of a finishing bake to stabilize the tea. A heavy roast would completely destroy the delicate aroma it was bred to produce.","Moderately versatile. It can be crafted into either a Wuyi or Anxi style, but it will always be a light, intensely fragrant oolong. It lacks the structure for heavy roasting or black tea production.",drafted
huang-jin-gui,Huang Jin Gui,黄金桂,Huang Dan;Golden Osmanthus,China,Anxi (Fujian),1801,Selected from the native Anxi heirloom population.,"'Golden Osmanthus'. A classic Anxi oolong celebrated for its singular, intense, and unmistakable aroma of sweet osmanthus flowers. It is an early-budding and high-yielding cultivar, prized for its ability to produce a light, crisp, and almost perfume-like tea that serves as a benchmark for pure floral aroma.","Early-budding, productive, spreading bush (Camellia sinensis var. sinensis).","Thrives in the Hukou area of Anxi county, where the specific terroir is said to produce the most fragrant expression of the cultivar.",The processing of Huang Jin Gui is a race against time to capture its volatile aromatics. The leaves are delicate and require gentle handling and a short processing window.,"Oxidation is very light (10-20%), just enough to eliminate the green, grassy notes and allow the powerful osmanthus fragrance to fully emerge.","Completely unroasted, aside from a final low-temperature bake for drying and stabilization. Any significant roasting would erase its signature character.","Not versatile at all. Huang Jin Gui is a master of a single craft: producing an intensely aromatic, light-bodied green oolong. Its entire value is based on this specialization.",drafted
huangshan-qunti-zhong,Huangshan Qunti Zhong,黄山群体种,Huangshan Maofeng,China,"Huangshan, Anhui",0,"The native, seed-propagated heirloom population of the Huangshan scenic area.","'Huangshan Population'. The local, genetically diverse heirloom population of tea plants from the famous Huangshan (Yellow Mountain) scenic area. This is the authentic material for creating Huangshan Maofeng, a beloved green tea known for its light, sweet, and refreshingly floral character, often with notes of magnolia.",Variable growth habits due to genetic diversity; typically medium-sized bushes (Camellia sinensis var. sinensis).,"Grows at high altitudes (700-800m) in the cloudy, misty, and cool environment of Huangshan. The rich soil and constant cloud cover create a very sweet and tender leaf.","The processing of Huangshan Maofeng is simpler than many famous teas. After a short withering, the leaves undergo a 'kill-green' and shaping process in a large pan, followed by a careful baking process to dry.","Zero oxidation. The 'kill-green' step is done quickly after harvest to lock in the fresh, vegetal and floral notes of the leaf.","The key step is a low-temperature bake ('hong bei'). Unlike the high heat of pan-firing, this gentle baking process slowly removes moisture while preserving the tea's delicate floral aroma and natural sweetness.","Completely specialized. This heirloom population is used exclusively to make the sweet, floral green tea known as Huangshan Maofeng.",drafted
inzatsu-131,Inzatsu 131,印雑131,N/A,Japan,Shizuoka,1960,Assamica varietal x a native Shizuoka Zairai,"An old and unique Japanese cultivar that is a hybrid of an Assamica variety and a native Zairai. It is known for its exotic, almost foreign aroma that is highly floral and sometimes spicy, reminiscent of teas from Darjeeling or Taiwan. It is a rare cultivar, prized by connoisseurs for its unique character.","Vigorous, semi-upright bush (Camellia sinensis hybrid).",Well-suited to the climate of Shizuoka where it was developed.,"Processing Inzatsu 131 aims to highlight its unique, non-Japanese aroma. The method can be adapted to push it towards a greener or a more oxidized style depending on the tea maker's goal.","Oxidation can vary. As a Sencha, it is unoxidized. However, it is often allowed a slight oxidation (like an oolong) to further develop its exotic floral and spicy notes.",Roasting is typically light to preserve its unique aroma.,"Highly versatile. Its unique hybrid genetics make it a rare cultivar that can be successfully crafted into a wide range of styles, from a unique green tea to a fragrant oolong or black tea.",drafted
jin-xuan,Jin Xuan,金萱,Golden Lily;Milk Oolong;TRES #12,Taiwan,Nantou,1981,Ying Zhi Hong Xin x Tainung #8,"'Golden Lily'. A celebrated modern cultivar developed by Taiwan's TRES in 1981, it is famous for its distinct, natural 'nai xiang' or 'milk fragrance'. This creamy, buttery, and smooth profile, combined with its high yield and adaptability, has made Jin Xuan one of the most popular and beloved teas in Taiwan and beyond.","Vigorous, adaptable, high-yielding bush with distinctive round, thick leaves (Camellia sinensis var. sinensis).","Highly adaptable, thriving in a wide range of environments from lower elevations in Nantou to high altitudes on Alishan (200-1,600m).","The processing for Jin Xuan oolong is specifically designed to highlight its unique, inherent 'nai xiang' (milk fragrance). Careful withering is key to developing this signature trait.","For oolong, oxidation is light (15-25%) to preserve the creamy notes. For black tea, it undergoes full oxidation (100%), which transforms the creaminess into a honeyed sweetness.","Typically unroasted for the classic Milk Oolong style to maintain its fresh, creamy character.","Very versatile. It is a star performer as a light oolong and also makes an exceptionally smooth and sweet black tea, making it a valuable and flexible cultivar for farmers.",drafted
ju-duo-zai,Ju Duo Zai,锯朵仔,Saw-leaf Dan Cong,China,Phoenix Mountains (Guangdong),0,"An old, native Phoenix Mountain varietal.","'Saw-leaf'. A rare, old-grove Dan Cong varietal from the Phoenix Mountains, named for the sharply serrated, saw-like edges of its leaves. It is a rustic and powerful tea, known for its wild, herbal, and stone fruit character, representing an older, less-manicured style of Dan Cong.","Medium-sized Dan Cong arbor with distinctive, sharply serrated leaves (Camellia sinensis var. sinensis).","Grows in the old tea gardens of the Phoenix Mountains, often from trees that are quite old. The specific terroir contributes to its rustic and deep flavor.","Processing this old-grove varietal follows traditional methods. The tea master aims to capture the full, complex character of the leaves rather than targeting a single, narrow fragrance profile.","Undergoes a medium-to-heavy oxidation (40-55%) to develop its deep fruit notes and complex, rustic flavor base.","Typically receives a medium charcoal roast to integrate its powerful flavors, add depth, and ensure the tea will age well.","Highly specialized. Ju Duo Zai is a specific, old-style Dan Cong oolong appreciated for its rustic power and complexity.",drafted
kanayamidori,Kanayamidori,かなやみどり,,Japan,Shizuoka,1970,,"A mid-budding cultivar known for its distinctive, slightly sweet, and milky or vanilla-like aroma. It is a popular choice for both Sencha and Fukamushi Sencha, and its unique fragrance also makes it a favorite for producing aromatic, lightly roasted Hojicha.",,,,,,,drafted
kirari-31,Kirari 31,きらり31,Kirari,Japan,Miyazaki,2015,'Saemidori' x a hybrid of 'Sofu' and 'Makura-Cd86'.,"A very new Japanese green tea cultivar registered in 2015. It was bred for its high resistance to disease and its suitability for producing a very fragrant and low-astringency Kamairicha (pan-fired green tea). It is known for its bright, clear liquor and a sweet, slightly milky, and floral aroma.","Early-budding, vigorous bush with excellent disease resistance (Camellia sinensis var. sinensis).","Thrives in the warm climates of southern Japan, particularly in regions that specialize in Kamairicha production.","Kirari 31 was specifically bred with pan-firing in mind. Its chemical composition responds well to the high, dry heat of this method, creating a fragrant tea without developing bitterness.","Zero oxidation. The 'kill-green' step, whether by pan-firing or steaming, is done immediately after harvest.","For its primary style, Kamairicha, the pan-firing serves as the 'roast', creating a gentle nutty character. For Sencha, it would receive a standard light final bake.","Moderately versatile. While it excels as a pan-fired tea, it can also produce a high-quality steamed Sencha, making it a valuable modern cultivar.",drafted
komakage,Komakage,こまかげ,N/A,Japan,Aichi,1970,Selected from a native Zairai population.,"An excellent shading cultivar from Aichi prefecture, known for its strong, upright growth and resistance to cold. It produces a high-quality Tencha for Matcha with a good balance of umami and a unique, slightly savory, almost spicy character that distinguishes it from the classic Uji cultivars.","Vigorous, upright bush with strong cold resistance (Camellia sinensis var. sinensis).",Very well-suited to the climate of Aichi and other regions that experience colder winters than southern Japan.,Komakage is well-suited for shaded cultivation. Its robust nature makes it a reliable choice for farmers. It is processed into Tencha for Matcha production.,Zero oxidation. The leaves are steamed promptly after being harvested from the shaded plants.,"No roasting. As Tencha, the leaves are dried flat in a special oven without being rolled to prepare them for stone-milling.","Highly specialized for Matcha. It is a key cultivar for Matcha production outside of the Uji region, particularly in Aichi.",drafted
koshun,Koshun,香駿,Fragrant Shun,Japan,Shizuoka,2000,'Kurizawa' x 'Kanayamidori',"'Fragrance of Shizuoka'. A remarkable modern cultivar bred specifically for its astonishingly powerful and unique floral aroma. It produces a Sencha with a perfume-like fragrance reminiscent of lily-of-the-valley, jasmine, and cherry leaves, offering a completely different experience from classic, umami-focused Japanese green teas.","Upright, vigorous bush with long, elegant leaves (Camellia sinensis var. sinensis).","Well-suited to the climate of Shizuoka, where it was developed.","Processing Koshun is all about capturing its volatile aromatic compounds. It is typically lightly steamed (Asamushi) to prevent the heat from damaging the delicate floral notes. Careful, low-temperature drying is also crucial.",Zero oxidation for the Sencha style. The leaves are steamed immediately to lock in the floral aroma.,"A very gentle, low-temperature final drying roast is used to avoid baking away the prized floral fragrance.","Moderately versatile. While its primary use is for a unique style of aromatic Sencha, its genetics also make it suitable for crafting fragrant Japanese oolongs.",drafted
liu-an-gua-pian,Liu An Gua Pian,六安瓜片,Melon Slice Tea,China,"Lu'an, Anhui",1644,Local Qishan heirloom population ('Qishan Qunti Zhong').,"'Lu'an Melon Slice'. A unique and famous Chinese green tea from Anhui, notable for what it lacks: it is made entirely from mature leaves, with all buds and stems meticulously removed. The finished tea, resembling melon seeds, is baked, not pan-fired, giving it a complex, toasty, and vegetal flavor.","Hardy, medium-sized bushes from the local heirloom population (Camellia sinensis var. sinensis).","Grows in the hilly, temperate climate of Lu'an City in western Anhui, particularly in the Qishan mountain range.","The processing is unique. After picking, the leaves are de-stemmed and de-veined by hand. They are then wok-fired to kill-green and shape, followed by a multi-stage, slow baking process over charcoal fires, which is crucial for developing its flavor.",Zero oxidation. The leaves undergo a rapid 'kill-green' in a wok to halt all enzymatic processes.,"Roasting is the defining characteristic. The tea is baked multiple times over charcoal fires of varying intensity. This 'lao huo' (old fire) process builds a deep, complex, and toasty flavor without any smokiness.","Extremely specialized. This cultivar and its unique processing method (no buds/stems, baked) are inseparable from the identity of Liu An Gua Pian.",drafted
long-jing-43,Long Jing #43,龙井43号,Dragon Well #43,China,Hangzhou (Zhejiang),1970,Selected and cloned from the native Long Jing Qunti Zhong population.,"'Long Jing No. 43'. The most widespread and commercially important modern cultivar for producing West Lake Long Jing tea. It was developed for its high yield, beautiful appearance, and early budding time, allowing for the prized pre-Qingming harvest. It produces the classic, beloved nutty and sweet soybean flavor of Long Jing.","Compact, early-sprouting bush with high productivity (Camellia sinensis var. sinensis).","Thrives in the temperate climate and sandy loam soil of the hills surrounding Hangzhou's West Lake, though it is highly adaptable and grown elsewhere.","Processing is defined by the pan-firing ('chao qing') step. The tender leaves are skillfully pressed against the hot surface of a wok to stop oxidation, dry the leaves, and shape them into their iconic flat form.","Zero oxidation. As a green tea, the leaves are heated (in this case, pan-fired) almost immediately after harvesting to deactivate the enzymes responsible for oxidation.","No roasting. The 'roasty' notes in Long Jing come directly from the pan-firing process itself, not from a separate roasting step.","Specialized for pan-fired green tea. Its entire set of desirable traits—early budding, tender leaves, beautiful shape—is geared towards producing high-quality Long Jing.",drafted
long-jing-qunti-zhong,Long Jing Qunti Zhong,龙井群体种,Old Long Jing;Traditional Dragon Well,China,Hangzhou (Zhejiang),0,"The original, native heirloom population of the West Lake region.","'Long Jing Population'. This is not a single clonal cultivar but the original, genetically diverse, seed-propagated heirloom population of Long Jing tea plants. Connoisseurs often prefer it to the modern #43 clone, believing it to have a deeper, more complex, and nuanced flavor profile, though its appearance is less uniform and it buds later.","Variable, seed-propagated bushes with diverse growth habits (Camellia sinensis var. sinensis).","Grows in the core, traditional production areas around West Lake in Hangzhou. It is perfectly adapted to this specific terroir over centuries of growth.","The processing is identical to Long Jing #43 (pan-firing), but the skill of the tea master is even more crucial due to the variability in leaf size and moisture content from the genetically diverse bushes.","Zero oxidation. Like all Long Jing, it is a green tea where oxidation is halted immediately by pan-firing.",No roasting. The complex toasted notes are a direct result of the skillful pan-firing process.,Specialized for pan-fired green tea. It represents the historical and most complex expression of the Long Jing style.,drafted
mao-xie,Mao Xie,毛蟹,Hairy Crab,China,Anxi (Fujian),1901,"Distinct Anxi cultivar, not a direct Tie Guan Yin relative.","'Hairy Crab'. An Anxi oolong cultivar named for the fine, downy hairs on its fresh leaves and the slightly curled shape of the brewed leaf, thought to resemble a crab. It is known for its forward, fruity-floral aroma, high yield, and early budding, making it a commercially important variety in Anxi.",Semi-spreading bush with dense branches and high productivity (Camellia sinensis var. sinensis).,"Highly adaptable and vigorous, growing well in the general terroir of Anxi County, from lower to mid-elevations.",Mao Xie is prized for its upfront aroma which can be easily developed. The processing focuses on a controlled withering to bring out these volatile compounds without needing the heavy bruising or roasting that other cultivars require.,Undergoes light oxidation (15-25%) to preserve its characteristic fresh and fruity notes. The processing is efficient and focuses on capturing the peak aroma.,"Like Ben Shan, it is almost always unroasted or receives only a minimal drying bake to preserve its fresh, fragrant profile.","Similar to Ben Shan, it has low versatility. It is a specialist in producing fragrant, accessible, and affordable green-style oolongs and does not have the structure for other tea styles.",drafted
mei-zhan,Mei Zhan,梅占,N/A,China,"Wuyi, Anxi",1801,"Originated in Anxi, Fujian.","A highly versatile Fujian cultivar, originally from Anxi. While it can be made into a pleasant oolong, it has gained modern fame as one of the primary cultivars used to produce Jin Jun Mei, an elite, bud-only black tea from the Wuyi region. Its inherent sweetness and fruity notes make it an excellent base for high-end black teas.","Vigorous, semi-arbor type with good adaptability (Camellia sinensis var. sinensis).","Highly adaptable to different terroirs within Fujian, which has contributed to its widespread use.","Mei Zhan's versatility is due to its balanced chemical composition. Its buds are particularly well-suited for black tea processing, as they are rich in compounds that create sweetness and a thick texture when fully oxidized.","Oxidation is typically full (100%) for its most famous black tea expression. When made as an oolong, it undergoes medium oxidation (30-40%).",Roasting is not a key feature. Black tea expressions are simply dried. Oolong expressions may receive a light bake.,"Extremely versatile. It is a rare cultivar that can be skillfully crafted into high-quality oolong, black, and even white tea, though its modern fame is overwhelmingly tied to black tea.",drafted
meiryoku,Meiryoku,めいりょく,,Japan,Shizuoka,1979,,"A late-budding cultivar known for producing a Sencha with a refreshing, slightly floral aroma and a unique, bright flavor with hints of citrus and spice. It has a very favorable chemical composition with high amino acid content and is also noted for its strong resistance to common tea plant diseases.",,,,,,,drafted
mengding-ganlu,Mengding Ganlu,蒙顶甘露,Sweet Dew,China,"Mengding Mountain, Sichuan",0,Traditionally a local heirloom population; modern production often uses clones like 'Mengshan #9'.,"'Mengding Sweet Dew'. An ancient and celebrated green tea from Mengding Mountain in Sichuan, often cited as one of the oldest forms of tribute tea in China. It is known for its delicate, tightly rolled leaves covered in fine down, and a fresh, complex flavor profile that balances umami, sweetness, and a lasting floral aroma.","Small-leaf, downy-bud cultivar, adapted to high-altitude growth (Camellia sinensis var. sinensis).","Grows on the perennially misty and rainy slopes of Mengding Mountain, where the constant cloud cover and rich soil create very tender and flavorful leaves.","Processing involves a sequence of pan-firing to kill-green, followed by multiple stages of intricate hand-rolling and drying. This complex rolling technique is what creates the tightly twisted shape and develops the tea's deep flavor.",Zero oxidation. The leaves are quickly pan-fired after harvest to halt all oxidation.,"No roasting. The tea is dried using the heat from the pan-firing and subsequent drying steps. The focus is on shape and preserving fresh flavor, not on a baked or roasted character.",Highly specialized. The cultivar is intrinsically linked to the Mengding Ganlu style of processed green tea.,drafted
mengku-da-ye-zhong,Mengku Da Ye Zhong,勐库大叶种,Mengku Broad Leaf,China,"Lincang (Mengku), Yunnan",0,A distinct local heirloom population of C. sinensis var. assamica.,"'Mengku Big Leaf Variety'. A highly sought-after sub-variety of the Da Ye (Assamica) varietal, native to the Mengku region of Lincang, Yunnan. It is celebrated for its 'dual characteristics' of strong bitterness and powerful aroma, combined with a thick texture and an exceptionally fast and intense returning sweetness ('huigan').","Large, robust arbor tree with large, leathery leaves that have prominent veins (Camellia sinensis var. assamica).","Grows in the high-altitude, mountainous region of Mengku, particularly around Bingdao (Ice Island), which is famous for this cultivar.","Processing is identical to other Sheng Pu'er teas: pan-firing to kill-green, rolling to shape, and crucially, sun-drying to preserve the enzymes necessary for long-term aging and fermentation.","Minimal oxidation (<5%) from processing, just like other Sheng Pu'er. The true transformation happens over years of aging.",No roasting. Sun-drying is the defining and required final step before the tea is steamed and compressed into cakes.,"Extremely specialized. The Mengku Da Ye cultivar is one of the most prized materials for high-end, single-origin Sheng Pu'er.",drafted
mi-lan-xiang,Mi Lan Xiang,米兰香,Honey Orchid Dan Cong,China,Phoenix Mountains (Guangdong),1644,"A specific, highly successful fragrance-type selected from the local Shui Xian population.","'Honey Orchid Fragrance'. The most popular, accessible, and representative of all Phoenix Dan Cong oolongs. It is beloved for its intoxicating and forward aroma that beautifully mimics the scent of honey, orchids, and ripe stone fruit, all built upon the classic mineral-rich foundation of its mountainous terroir.","Tall, upright arbor type, can grow into a small tree (Camellia sinensis var. sinensis).","Thrives in the high-altitude (600-1,200m), misty, and rocky environment of the Phoenix (Feng Huang) Mountains.",The key to processing Mi Lan Xiang is the carefully controlled withering and bruising ('yao qing') stage. This is where the leaf's cell walls are broken down just enough to develop the signature honey-orchid aroma without introducing bitterness.,"Undergoes a medium level of oxidation (25-40%), which is the sweet spot for developing its complex fruity and floral notes while retaining a fresh vibrancy.","Receives a light to medium charcoal roasting. This bake helps to stabilize the tea, round out the flavors, and fix the beautiful aroma, making it more persistent over multiple infusions.","Specialized for the Dan Cong oolong style. While theoretically it could be processed differently, its entire value and identity lie in its famous 'honey orchid' aromatic profile.",drafted
oku-yutaka,Oku Yutaka,おくゆたか,,Japan,Shizuoka,1989,,"'Late Abundant'. A late-budding hybrid of Yabukita and Yutakamidori, Oku Yutaka combines the robust body of its parents with a refined, less astringent flavor. It is a high-yielding and disease-resistant cultivar, valued for producing a full-bodied Sencha with a rich flavor and a bright green color.",,,,,,,drafted
okuhikari,Okuhikari,おくひかり,Late Light,Japan,Shizuoka,1978,Yabukita x a native Shizuoka Zairai,"'Late Light'. A late-budding cultivar with a refreshing, brisk mouthfeel and a distinct floral and woody character that sets it apart from the more common vegetal or umami-driven Senchas. It is a versatile and reliable cultivar for farmers.","Vigorous, late-budding bush (Camellia sinensis var. sinensis).",Its late budding makes it a useful cultivar for extending the spring harvest season and avoiding frost. It is adaptable to various climates.,Okuhikari is typically processed as a standard Sencha (Chumushi) to maintain the balance of its unique flavor profile.,Zero oxidation. The leaves are steamed immediately after harvest.,A standard light final drying roast is applied to stabilize the tea and round out its flavors.,Specialized for Sencha. It offers a unique flavor profile that adds diversity to the world of Sencha.,drafted
okumidori,Okumidori,おくみどり / 奥緑,,Japan,Shizuoka,1974,,"'Late Green'. A late-budding, versatile cultivar with a rich, creamy flavor, often used for Matcha or blended with Yabukita.",,,,,,,drafted
qi-lan,Qi Lan,奇兰,Rare Orchid,China,"Wuyi Mountains, Anxi",1801,"Originated in Pinghe County, southern Fujian.","'Rare Orchid' or 'Marvelous Orchid'. A highly aromatic cultivar that originated in southern Fujian but has found a second home in the Wuyi Mountains. It is celebrated for its powerful and persistent orchid-like fragrance, which it can express beautifully as both a greener Anxi-style oolong and a more robust, roasted Wuyi-style rock oolong.","Upright, vigorous bush with good productivity (Camellia sinensis var. sinensis).","Highly adaptable, it thrives in both the clay soils of its native southern Fujian and the rocky terroir of the Wuyi Mountains.",it undergoes a traditional Yancha process with a moderate roast. In Anxi,"it is processed very lightly like a modern Tie Guan Yin to preserve its fresh aroma.,Oxidation ranges from light (20-30% for Anxi style) to medium (40-50% for Wuyi style)","demonstrating the cultivar's ability to adapt to different processing goals.,Roasting is the key differentiator. It is unroasted in Anxi to preserve fresh florals","but receives a light-to-medium charcoal roast in Wuyi to add depth and a mineral character.,Very versatile within the oolong category. It is one of the few cultivars that is famous for being produced in two distinct regional styles (Anxi and Wuyi).
Mei Zhan,梅占,A highly versatile Fujian cultivar",drafted
qi-men-zhong,Qi Men Zhong,祁门种,Keemun,China,Qimen (Anhui),1875,"The native, local heirloom population of Qimen county.","'Qimen Species'. This is not a single clone, but the local heirloom population of small-leaf tea bushes from Qimen county, Anhui. It is the one and only material used for making Keemun black tea. When processed into black tea, it produces a famously complex aroma with notes of wine, rose, pine, and dried fruit, earning it the title 'the Burgundy of tea'.","Small-leaf, genetically diverse bushes adapted to the local terroir (Camellia sinensis var. sinensis).","Grows in the mild, humid, and often foggy climate of Qimen county in southern Anhui, where the soil and environment are perfect for developing its complex aromatics.","carefully controlled withering and oxidation process. This allows the full range of aromatic compounds within the Qi Men Zhong leaves to develop.,Undergoes full oxidation (100%). The oxidation process is meticulous and often takes longer than for other black teas","which is crucial for building its signature layered aroma.,A final","gentle drying bake is applied to stabilize the tea and halt oxidation. It is not roasted in a way that would impart a toasty flavor.,Completely specialized. The Qi Men Zhong population is only used to produce Keemun black tea. Its global fame is entirely dependent on this one style.
Qing Xin,青心,'Green Heart'. The undisputed king of Taiwanese oolongs",Qing Xin is celebrated for its ability to perfectly express the unique terroir of Taiwan's high mountains. It produces a tea with an ethereal,drafted
qing-xin,Qing Xin,青心,Green Heart;Chin Shin Oolong,Taiwan,"High Mountains (Lishan, Alishan)",1885,"Brought to Taiwan from Fujian, China.","'Green Heart'. The undisputed king of Taiwanese oolongs, Qing Xin is celebrated for its ability to perfectly express the unique terroir of Taiwan's high mountains. It produces a tea with an ethereal, elegant character, a remarkably thick and creamy mouthfeel, and a delicate floral aroma of lilac and gardenia. It is the benchmark for high-end Taiwanese tea.","Relatively small, slow-growing bush that requires meticulous care and specific conditions to thrive (Camellia sinensis var. sinensis).","Grows best at very high altitudes (1,000-2,600m) where cool temperatures, constant mist, and large diurnal temperature swings concentrate flavors in the leaves.","Processing Qing Xin is all about preservation. The goal is to capture the pristine character of the high-mountain leaf with minimal intervention. Gentle handling and a slow, controlled withering process are essential.",Undergoes very light oxidation (15-25%) to develop its creamy texture and floral notes without losing the freshness endowed by its high-altitude terroir.,"Generally unroasted. A final, very light bake is applied for drying, but any significant roast would be seen as masking the pure, delicate character of the leaf.","Highly versatile for high-quality teas. It is the gold standard for High Mountain Oolong and Baozhong, and also makes an excellent Taiwanese green tea. Its quality ceiling is extremely high.",drafted
qing-xin-da-mao,Qing Xin Da Mao,青心大冇,Green Heart Big Hairy;Oriental Beauty Cultivar;Bai Hao Oolong Cultivar,Taiwan,"Hsinchu, Miaoli",1885,Selected from native Chinese heirloom population.,"'Green Heart Big Hairy'. The indispensable cultivar for creating Taiwan's famous Oriental Beauty oolong. This tea's unique honey and muscat grape flavor is not from the leaf itself, but from its reaction to the bites of a tiny insect, the tea leafhopper. The cultivar's specific chemistry is perfectly suited to this remarkable transformation.","Sprawling, semi-upright bush, can be unruly (Camellia sinensis var. sinensis).","Thrives in the hot, humid, and lower-altitude (100-400m) environments of northwestern Taiwan where the tea leafhopper (Jacobiasca formosana) is abundant.",The entire process relies on nature; the tea must be bitten by the leafhopper. Processing then aims to highlight the resulting aromatic compounds. The leaves are handled gently to preserve their unique character.,"Undergoes heavy oxidation (60-70%), which is crucial for developing the complex honey and ripe fruit flavors that are created in response to the insect bites.","Completely unroasted. The rich, deep flavors are a result of oxidation, not heat. A finishing bake is used for drying only.",Extremely specialized. This cultivar's identity and value are entirely dependent on the presence of the tea leafhopper and the specific processing of Oriental Beauty oolong.,drafted
qing-xin-gan-zhi,Qing Xin Gan Zhi,青心柑仔,Green Heart Orange,Taiwan,Taipei,1850,Selected from native Chinese heirloom population.,"'Green Heart Orange'. An older, traditional Taiwanese oolong cultivar that was more prominent before the widespread adoption of Qing Xin Oolong. It is known for producing a clean, fragrant, and slightly more vegetal Baozhong oolong and is a parent of the famous Si Ji Chun cultivar.","Semi-upright bush, considered a more 'rustic' cultivar (Camellia sinensis var. sinensis).","Well-suited to the lower-altitude, humid basin environments like those found around Taipei.","Processing is straightforward, following the traditional twisted-leaf Baozhong style. The goal is to preserve a fresh, green character.","Undergoes very light oxidation (10-20%) to maintain its fresh, green, and floral notes.","Unroasted, aside from a final drying bake. Its delicate character is not suited for roasting.","Low versatility. It is a specialist for producing a classic, traditional style of Baozhong oolong.",drafted
que-she,Que She,雀舌,Sparrow's Tongue,China,Wuyi Mountains (Fujian),1644,A prized selection from the native Wuyi heirloom population.,"'Sparrow's Tongue'. A rare and highly sought-after Wuyi Rock Oolong named for its small, pointed leaves. It is celebrated for its exceptionally refined and elegant character, a high, sharp floral fragrance, and a very clean, mineral-driven taste. It is often processed with a lighter roast to preserve its delicate nature.","Small-leaf, slow-growing, semi-upright bush (Camellia sinensis var. sinensis).","Grows in specific, protected microclimates within the Wuyi Mountains. It is less common due to its lower yield and more demanding growing conditions.","Processing Que She requires great finesse. The goal is to highlight its delicate, high-pitched aroma. The leaves, while small, are robust enough for Yancha processing but shine when handled with a lighter touch.","Undergoes a standard medium oxidation (30-50%) to develop a base of flavor that supports, rather than overwhelms, its high-note aromatics.","Roasting is typically lighter than for other top-tier Yancha. A careful, low-temperature bake is used to bring out the mineral notes and add smoothness while preserving the vibrant floral fragrance.",Highly specialized. Que She is an expression of a more elegant and aromatic style of Wuyi Rock Oolong.,drafted
rou-gui,Rou Gui,肉桂,,China,Wuyi Mountains (Fujian),,,'Cassia/Cinnamon'. A top-tier Wuyi Rock Oolong prized for its pronounced spicy aroma. One of the most popular Yancha cultivars today.,,,,,,,drafted
saemidori,Saemidori,さえみどり / 冴緑,,Japan,Fukuoka,1990,,'Clear Green'. A modern elite cultivar prized for its vibrant color and low bitterness. A hybrid of Yabukita and Asatsuyu.,,,,,,,drafted
samidori,Samidori,さみどり,,Japan,Kyoto (Uji),1950,,"A foundational and highly reliable cultivar from Uji, Kyoto. It is a versatile workhorse for the high-end shaded tea industry, particularly for Matcha. It is prized for its excellent, vibrant green color, good umami, and a smooth, well-balanced flavor that is ideal for creating both thick ('koicha') and thin ('usucha') Matcha.",,,,,,,drafted
shi-da-cha,Shi Da Cha,柿大茶,Persimmon Big Tea;Tai Ping Hou Kui cultivar,China,"Taiping, Anhui",1901,"A local, large-leaf mutation of C. sinensis var. sinensis.","'Persimmon Big Tea'. A truly unique and visually stunning cultivar from Taiping county in Anhui. It is defined by its massive leaves, which can be much larger than a person's hand. It is used exclusively to make Tai Ping Hou Kui, a green tea where the leaves are painstakingly pressed by hand, resulting in a long, flat, and beautiful finished product.","Large, robust bush with very strong branches to support its massive leaves (Camellia sinensis var. sinensis).","Grows in the misty, mountainous region of the former Taiping prefecture (now Huangshan district), where the specific microclimate allows these large leaves to grow tenderly.","The processing is highly specialized and laborious. After kill-green, each individual leaf is placed between layers of cloth and hand-pressed with rollers to create its flat, uniform shape. This requires immense patience and skill.",Zero oxidation. The massive leaves are quickly pan-fired to halt enzymatic activity and preserve their vibrant green color and fresh aroma.,"A gentle baking process follows the hand-pressing to slowly and evenly dry the large, thick leaves without scorching them or creating a roasted flavor.","Completely specialized. This unique, giant-leaf cultivar exists only to be made into the singular and iconic Tai Ping Hou Kui.",drafted
shizu-7132,Shizu-7132,静岡7132,Sakura Kaori (Cherry Blossom Aroma),Japan,Shizuoka,1971,Natural mutation of Yabukita.,"A famous un-registered cultivar from Shizuoka, renowned for its intense and unmistakable aroma of 'sakura-mochi'—a sweet, cherry blossom and glutinous rice scent. It is a natural mutation of Yabukita and offers a very popular and distinct aromatic experience.","Vigorous, mid-budding bush (Camellia sinensis var. sinensis).",Grows well in Shizuoka and is prized by farmers who specialize in aromatic teas.,"Processing for 7132 is all about preserving its signature coumarin compound, which is responsible for the sakura aroma. This requires careful handling and specific steaming and drying parameters.",Zero oxidation. The leaves are steamed immediately after harvest.,"A careful final drying roast is applied to enhance and fix the sweet, sakura-like aroma without creating any burnt notes.","Specialized for Sencha. Its entire value is based on its singular and highly sought-after cherry blossom aroma, so it is not used for other tea styles.",drafted
shui-jin-gui,Shui Jin Gui,水金龟,Golden Water Turtle,China,Wuyi Mountains (Fujian),,"One of the four original, legendary Wuyi cultivars, with a famous origin story.","'Golden Water Turtle'. Another of the four 'Si Da Ming Cong', this cultivar is steeped in a legend of being washed away by a flood and thriving in its new home. It is celebrated for its vibrant and highly fragrant character, striking a beautiful balance between bright, effusive floral notes (like gardenia and osmanthus) and the classic, creamy mineral base of a top-tier rock oolong.","Vigorous, productive bush with a semi-upright growth habit (Camellia sinensis var. sinensis).","Grows well in the core production areas of the Wuyi Mountains, where the soil and climate help it develop its signature balance of aroma and texture.","but not so much that it damages the delicate and valuable floral fragrance.,Highly specialized. Like its 'Si Da Ming Cong' siblings",Shui Jin Gui is a singular expression of Wuyi Rock Oolong,valued for its unique and legendary aromatic profile.,,drafted
shui-xian,Shui Xian,水仙,Water Sprite;Narcissus;Lao Cong Shui Xian (for old grove),China,Wuyi Mountains (Fujian),1870,"Selected from native Fujian heirloom population, likely originating in Jian'ou.","'Water Sprite' or 'Narcissus'. A foundational Fujian oolong cultivar, famous for its versatility and profound transformation with age and processing. Young or lightly roasted Shui Xian is floral and bright, while heavily roasted or aged 'Lao Cong' (Old Grove) versions reveal deep, complex notes of aged wood, moss, and a resonant sweetness.",Versatile arbor type that can be a bush or a small tree (Camellia sinensis var. sinensis). Known for its large leaves.,"Highly adaptable. Thrives in the rocky terroir of Wuyi but also grows well in the clay soils of Southern Fujian. Old groves are in protected, high-humidity environments.","Its large, robust leaves are highly forgiving and can withstand significant processing, whether it be the bruising of oolong production or the heavy oxidation of black tea. They are particularly well-suited to absorbing the character of a charcoal roast.","Oxidation is highly variable, from a medium 30% for more floral styles to a heavy 60-70% for darker, more robust Yancha expressions that are destined for aging or heavy roasting.","Extremely responsive to roasting. This is the key variable that defines its style. Light roasting preserves its delicate floral notes, while multiple, heavy roasts build immense depth, complexity, and a smooth, woody character.","Highly versatile. Shui Xian is a master of transformation, capable of producing a wide spectrum of oolong styles from light and floral to dark and brooding. It also makes a respectable black tea.",drafted
si-ji-chun,Si Ji Chun,四季春,Four Seasons Oolong,Taiwan,Nantou,1980,Natural cross-pollination of Wu Yi and Qing Xin Gan Zhi.,"'Four Seasons Spring'. A famously prolific and aromatic cultivar, discovered as a natural cross in the 1980s. It's named for its ability to be harvested almost year-round, while still producing a tea with an explosive, forward, and highly accessible floral aroma, primarily of gardenia and jasmine.","Extremely vigorous, dense, and highly productive bush (Camellia sinensis var. sinensis).","Thrives in lower-altitude, warmer, and more humid climates, which allows for its near-constant flushing and harvesting.","Processing is fast and efficient, aimed at capturing the cultivar's potent upfront aroma. It is a workhorse cultivar that responds well to standard green oolong processing.","Oxidation is kept very light (10-20%) to ensure the final product is dominated by the fresh, powerful gardenia and jasmine notes.","Unroasted. Its value lies in its fresh floral aroma, which would be destroyed by any significant roasting.","Low versatility. While incredibly productive, it is a specialist in producing one type of tea: a fragrant, accessible, and affordable light oolong. It lacks the structure for other styles.",drafted
sofu,Sofu,そうふう / 蒼風,Blue Wind,Japan,Saitama,2001,'Fuding Da Bai' x a native Saitama Zairai,"'Blue Wind'. A modern aromatic cultivar, similar to Koshun, that is prized for its striking and unique fragrance. It produces a Sencha or light oolong with a powerful perfume-like aroma of black currant, citrus, and mint, representing a new wave of aromatic Japanese teas.","Vigorous, upright bush (Camellia sinensis var. sinensis).","Adaptable to various climates, it is a key cultivar for the Saitama region.","Like other aromatic cultivars, Sofu is processed with a gentle hand to preserve its volatile compounds. Light steaming is preferred to avoid damaging the unique aroma.",Zero oxidation for the Sencha style. Steamed immediately after harvest.,"A very light final drying roast is applied to stabilize the tea without diminishing its powerful, unique fragrance.",Moderately versatile. It is primarily used for creating unique aromatic Senchas and is also an excellent choice for making Japanese-style light oolongs.,drafted
song-zhong,Song Zhong,宋种,Song Dynasty Cultivar;Song Species,China,Phoenix Mountains (Guangdong),960,"The original mother tree of all Dan Congs, said to have been growing since the Song Dynasty.","'Song Dynasty Cultivar'. The apex predator of Phoenix Dan Cong oolongs, Song Zhong refers to teas made from the direct descendants of the oldest known tea tree on Wudong Mountain (reputed to be over 600 years old). It is an incredibly powerful, deep, and complex tea, known for its profound 'cha qi' (tea energy) and a layered flavor profile that can only be achieved through great age and perfect terroir.","Old, gnarled, and often moss-covered arbor trees with highly variable leaf shapes (Camellia sinensis var. sinensis).","Grows exclusively on Wudong Mountain, the highest peak in the Phoenix range, in mineral-rich, yellowish-brown soil at very high altitudes (>1100m).","Processing tea from such old trees is an immense responsibility. The tea master must use all their skill to translate the raw potential of the leaves into a finished tea that is worthy of its lineage. The process is slow, careful, and traditional.",Undergoes a deep and complex oxidation process (can be 40-60% or more) that is carefully monitored to develop its multi-layered aromatic profile.,"The roasting is deep, slow, and done in multiple stages over charcoal. This complex roasting process is essential for integrating the tea's powerful flavors, smoothing its texture, and creating a tea that will continue to age and improve for years.",The ultimate specialist. Song Zhong represents the highest achievement of the Dan Cong oolong style and is never made in any other way.,drafted
taiwanese-wild-tea,Taiwanese Wild Tea,台灣山茶,Taiwan Mountain Tea;Formosan Wild Tea,Taiwan,Various,0,"Native, indigenous species to Taiwan.","The native, indigenous tea species of Taiwan, genetically distinct from the more common Camellia sinensis. It grows wild in the central mountain range. While not a major commercial crop, it is wild-harvested for specialty teas and is crucially important as genetic stock for breeding, most famously as a parent of the Hong Yu #18 'Ruby' cultivar.",Wild-growing tree that can become very large and old (Camellia formosensis).,"Grows wild in the protected, biodiverse forests of Taiwan's central mountain range at various altitudes.","Processing is often experimental and done by boutique producers. The wild-harvested leaves are precious and are typically handled with care to express their unique, wild character.","Typically undergoes full oxidation to be made into black tea, which seems to best complement its wild, woody, and herbaceous notes.",No roasting. The tea is dried with hot air.,"Not a commercial production cultivar, but a specialty item and a vital genetic resource. It is a wild plant, not a cultivated one in the traditional sense.",drafted
takachiho,Takachiho,高千穂,N/A,Japan,Miyazaki,1960,Selected from a native Zairai population.,"A classic cultivar specific to the regions in Kyushu that specialize in 'Kamairicha' or pan-fired green tea. It is prized for its ability to withstand the high heat of pan-firing, producing a green tea with a beautiful nutty and roasted aroma ('kama-ka') that is very different from the vegetal notes of steamed Sencha.","Medium-sized, robust bush adapted to pan-firing (Camellia sinensis var. sinensis).","Thrives in the warm climate of southern Kyushu, particularly Miyazaki, the heart of Kamairicha production.",the leaves are fired in a hot iron pan or rotating drum,a technique originally from China. This high,"dry heat creates the characteristic nutty aroma.,Zero oxidation. The pan-firing immediately halts all enzymatic activity.,No roasting in the traditional sense. The pan-firing process itself serves to dry the tea and create its signature roasted flavor profile.,Extremely specialized. Takachiho is a cornerstone cultivar for the unique","non-steamed Kamairicha style of Japanese green tea.
Benifuki,べにふうき,'Red Riches'. Japan's most famous and important black tea cultivar. It is a powerful hybrid of Assamica varieties",drafted
tie-guan-yin,Tie Guan Yin,铁观音,Iron Goddess of Mercy;TGY;Ti Kuan Yin;Hong Xin Wai Wei Tao (technical name),China,Anxi (Fujian),18,N/A (Selected from the native Anxi heirloom population),"'Iron Goddess of Mercy'. A legendary oolong from Anxi, China, celebrated for its complex floral aroma and lingering sweet aftertaste, known as 'Guan Yin Yun'. Its robust leaves can withstand intricate processing, yielding two distinct styles: a modern, vibrantly floral green style and a traditional, deeply roasted style with notes of fruit and caramel.","Semi-upright arbor type with strong, reddish branches (Camellia sinensis var. sinensis). Known for its resilience.","Prefers the acidic, iron-rich red soil and misty, humid climate of Anxi's mid-level mountains (300-1,000m).","The cultivar's thick, durable leaves are its greatest asset, able to withstand the repeated bruising, shaking, and rolling required to develop its complex aromatics without breaking. This makes it ideal for both light and heavy processing.","For the modern green style, oxidation is kept low (15-25%). For the traditional baked style, oxidation is higher (30-50%), which develops a fruity base that can stand up to the heavy roasting.","The green style is unroasted or given a very light drying bake. The traditional style is defined by its 'hong bei' (烘焙) charcoal roasting, which can take place over many hours at low temperatures to build deep, complex flavors.","Highly versatile within the oolong category. Its two primary styles are worlds apart. It can also be processed into a unique, floral black tea, though this is less common.",drafted
tie-luo-han,Tie Luo Han,铁罗汉,Iron Arhat,China,Wuyi Mountains (Fujian),1368,"One of the four original, legendary Wuyi cultivars, selected from the native Wuyi population.","'Iron Arhat'. One of the four original 'Si Da Ming Cong' (Great Famous Bushes) of the Wuyi Mountains. Tie Luo Han is a powerful and assertive tea, steeped in history and known for its strong 'cha qi' (tea energy), warming character, and complex flavor profile with distinct medicinal and spicy undertones.","Sturdy, semi-upright bush with strong branches, well-suited to its rocky environment (Camellia sinensis var. sinensis).","Grows in the core 'Zhengyan' region of the Wuyi Mountains, where the unique mineral composition of the soil contributes to its powerful character.","The processing of Tie Luo Han aims to tame its natural intensity while enhancing its complexity. Its robust leaves can handle the high heat and repeated steps necessary to develop its deep, warming character.","Undergoes heavy oxidation (50-70%) to build a rich, complex base that can support its inherent strength and the intensity of the roast. This step is crucial for developing its fruity and herbal notes.","Requires a strong, masterful charcoal roast. The goal is to bake the flavor deep into the leaf, smoothing out any rough edges while amplifying its warming, spicy, and mineral-driven qualities.","Completely specialized. Tie Luo Han is a singular expression of Yancha. Its identity is inseparable from the traditional, heavily processed rock oolong style.",drafted
tong-tian-xiang,Tong Tian Xiang,通天香,Heaven-Reaching Aroma,China,Phoenix Mountains (Guangdong),0,"An old, native Phoenix Mountain varietal from Wudong Mountain.","'Heavenly Aroma' or 'Heaven-Reaching Aroma'. An old and highly revered Dan Cong cultivar from Wudong Mountain, the highest peak of the Phoenix range. It is known for its exceptionally powerful, penetrating, and complex aroma, often with notes of ginger and exotic spices, and a very strong 'cha qi' (tea energy).","Old Dan Cong arbor, often with a tall, upright growth habit (Camellia sinensis var. sinensis).","Grows exclusively on the high slopes of Wudong Mountain, where the unique terroir is responsible for its incredible power and aromatic complexity.","from spicy to fruity to floral.,Receives a masterful charcoal roast. The roast must be precise and deep enough to integrate the tea's powerful flavors and create a smooth texture","without damaging the prized aromatic compounds.,The ultimate specialist. Tong Tian Xiang is a rare","high-end Dan Cong oolong that represents the pinnacle of the style.
Long Jing #43,龙井43号,The most widespread and commercially important modern cultivar for West Lake Long Jing tea. Developed in the 1970s",it is prized by farmers for its early budding (allowing for a prized pre-Qingming harvest),drafted
ujihikari,Ujihikari,うじひかり,,Japan,Kyoto (Uji),1950,,"'Light of Uji'. A premier modern cultivar from Uji, Kyoto, developed specifically for shaded tea production. It is known for its elegant, refined character, a brilliant green color, and a sweet, clean umami profile that is slightly less brothy and more refined than Goko. It is a top choice for competition-grade Gyokuro and Matcha.",,,,,,,drafted
wu-yi,Wu Yi,武夷,Wuyi Oolong,Taiwan,Nantou,1801,"Brought from Wuyi Mountains, Fujian; likely a Shui Xian type.","'Wuyi'. This refers to tea plants that were originally brought to Taiwan from the Wuyi Mountains in Fujian, likely a Shui Xian type. In Taiwan, this cultivar is used to create a medium-oxidized and medium-roast oolong that pays homage to its Yancha roots. It produces a tea with a characteristic balance of woody, fruity, and mineral notes.","Sturdy, semi-arbor bush (Camellia sinensis var. sinensis).","Grows well in the mid-elevation regions of central Taiwan, such as Lugu in Nantou County.","Processing follows the traditional Dong Ding method. The leaves are moderately bruised and oxidized to develop a solid flavor base, and then skillfully roasted to add depth and complexity.","Undergoes medium oxidation (30-40%) to create a balance between retaining some floral notes and developing a fruity, substantive character that is ideal for roasting.","Perfectly suited for a medium charcoal roast. The roasting enhances its nutty and woody notes, creates a caramel-like sweetness, and gives the tea a comforting, smooth character.","Specialized for the traditional roasted oolong style. It is a key cultivar in the history of Dong Ding oolong and is not used for light, green styles.",drafted
wuyi-cai-cha,Wuyi Cai Cha,武夷菜茶,Vegetable Tea;Lapsang Souchong cultivar;Tongmu Xiaozhong,China,Wuyi Mountains (Fujian),0,"The native, seed-propagated heirloom population of the Wuyi Mountains.","'Wuyi Vegetable Tea'. This is not a single clonal cultivar, but the original, genetically diverse heirloom 'population' of small-leaf tea bushes native to the Wuyi region. It is the authentic, historical cultivar used to create the world's first black tea, Lapsang Souchong. Unsmoked, it produces a black tea of incredible elegance and sweetness.","Variable, typically small, hardy bushes that have adapted over centuries (Camellia sinensis var. sinensis).","Grows wild and cultivated in the high-altitude, protected ecosystem of the Tongmu Nature Preserve within the Wuyi Mountains, the birthplace of black tea.","For unsmoked Lapsang, the processing is a classic black tea method (withering, rolling, full oxidation, drying). For the smoked version, the key final step is drying the tea on racks above smoldering, resinous pine wood fires.","Undergoes full oxidation (100%) to be classified as a black tea. The small leaves oxidize relatively quickly, creating a refined rather than a robustly malty flavor.","The unsmoked version is dried with clean, hot air. The smoked version's 'roast' is a low-temperature smoke-drying process that infuses the leaves with a powerful pine aroma.","Highly specialized for black tea. Its entire history and identity are tied to being the original Lapsang Souchong cultivar, whether smoked or unsmoked.",drafted
xing-ren-xiang,Xing Ren Xiang,杏仁香,Almond Dan Cong,China,Phoenix Mountains (Guangdong),1644,"One of the ten traditional fragrance types, selected from the native Phoenix Mountain population.","'Almond Fragrance'. A classic and distinct Phoenix Dan Cong oolong fragrance type. It is prized for its clear, focused, and unmistakable aroma and flavor of bitter almond, marzipan, and apricot kernel. It offers a unique, nutty departure from the more common floral or fruity Dan Cong profiles.","Medium-sized arbor with ovate, dark green leaves (Camellia sinensis var. sinensis).","Grows in the high-altitude, mineral-rich soils of the Phoenix Mountains, which provide the base texture and sweetness for its nutty profile to emerge.",The key to producing Xing Ren Xiang is identifying the specific trees that carry this genetic trait and then processing them in a way that highlights it. The bruising and oxidation must be managed to favor the development of these specific nutty aromatic compounds.,"Undergoes a standard medium oxidation (30-45%) for Dan Cong, which provides the necessary foundation for its unique flavor profile to develop fully.","The roast for Xing Ren Xiang is often a bit heavier than for very floral Dan Congs. A medium roast helps to enhance the nutty, toasted character and integrate it with the tea's natural sweetness and minerality.","Highly specialized. This is a classic, specific fragrance profile within the Dan Cong oolong family and is not made in any other style.",drafted
ya-shi-xiang,Ya Shi Xiang,鸭屎香,Duck Shit Dan Cong;Yin Hua Xiang (Honeysuckle Fragrance - a modern marketing name),China,Phoenix Mountains (Guangdong),1801,Selected from the local Phoenix Mountain heirloom population.,"'Duck Shit Fragrance'. A Phoenix Dan Cong oolong with a famously off-putting name that conceals a sublimely beautiful tea. It is celebrated for its uniquely creamy mouthfeel and an intense, intoxicating floral aroma of gardenia and honeysuckle, which is completely at odds with its rustic name.","Upright, vigorous arbor with dark, slightly larger leaves (Camellia sinensis var. sinensis).",Grows in the high-altitude terroir of the Phoenix Mountains. Its unique creamy character is said to come from the specific soil of its home village.,"The processing of Ya Shi Xiang is meticulous, with a strong focus on the withering and bruising stages to develop not only the high floral notes but also the compounds that contribute to its exceptionally creamy mouthfeel.","Oxidation is typically in the medium range (30-45%). This level is crucial for transforming the leaf's potential into the rich, complex, and layered floral-creamy profile it is famous for.",Usually receives a light charcoal roast. The goal is to dry the tea thoroughly and enhance its creamy texture and sweetness without diminishing the high-pitched gardenia and honeysuckle aromatics.,Completely specialized for the Dan Cong oolong style. Its legendary status is entirely built on its unique aroma and texture when processed in this traditional manner.,drafted
yabukita,Yabukita,やぶきた,N/A,Japan,Shizuoka,1908,Selected from a native Zairai population by Sugiyama Hikosaburo.,"'North of the Bamboo Grove'. The undisputed king of Japanese tea, accounting for over 75% of all tea production in Japan. Discovered in 1908, it became the national standard due to its hardiness, high yield, and a perfectly balanced flavor profile of umami and refreshing astringency. It is the benchmark against which all other Japanese green teas are measured.","Hardy, vigorous, and highly adaptable mid-budding bush (Camellia sinensis var. sinensis).","Extremely adaptable to a wide range of climates and altitudes, from the cool mountains of Shizuoka to the warm plains of Kagoshima.","from light steaming (Asamushi) to deep steaming (Fukamushi).,Zero oxidation. The leaves are steamed immediately after harvest to halt all enzymatic activity. The steaming time (30-120 seconds) determines the style (Asamushi",Chumushi,"or Fukamushi).,Receives a final drying roast ('hi-ire') to stabilize the tea and enhance its aroma. This is typically a light bake","not a heavy roast.,Extremely versatile. It is the workhorse of the Japanese tea industry and can be skillfully crafted into almost any type of Japanese tea",drafted
ying-xiang,Ying Xiang,迎香,Welcome Fragrance;TRES #20,Taiwan,Nantou,2014,Jin Xuan x Qing Xin cross-pollination.,"'Welcome Fragrance'. A new-generation oolong cultivar released by TRES in 2014, Ying Xiang was bred to have the elegant floral character of Qing Xin but with more intensity and a tropical twist. It is known for its clear, sophisticated, floral aroma reminiscent of osmanthus and lily.","Vigorous, upright bush with good productivity.","Adaptable to a range of mid-altitude environments, performing well in the established oolong regions of Nantou.",Processing is focused on highlighting its refined floral notes. It requires gentle handling during withering and bruising to develop its complex bouquet without introducing any undesirable green notes.,"Undergoes light oxidation (15-25%), which is ideal for showcasing its high-note floral aromatics.","Unroasted. Like other highly aromatic Taiwanese oolongs, any significant roasting would damage its primary characteristic.","Specialized for light, aromatic oolongs. It was designed to be a modern, high-fragrance alternative to Qing Xin and excels in that role.",drafted
yiwu-da-ye-zhong,Yiwu Da Ye Zhong,易武大叶种,Yiwu Broad Leaf,China,"Xishuangbanna (Yiwu), Yunnan",0,A distinct local heirloom population of C. sinensis var. assamica.,"'Yiwu Big Leaf Variety'. A famous sub-variety of the Da Ye (Assamica) varietal from the historic Yiwu mountains, one of the original Six Great Tea Mountains. In contrast to the power of Mengku, Yiwu teas are prized for their exceptional softness, elegance, and 'rou' (柔) character. They are known for having very low bitterness, a thick, soupy texture, and a prominent floral fragrance.","Large arbor trees, often with a more sprawling growth habit and very large leaves (Camellia sinensis var. assamica).","Grows in the protected, high-humidity, and biodiverse forests of the Yiwu mountain range, which contributes to its elegant and gentle nature.","Processing follows the traditional Sheng Pu'er method (pan-fire, roll, sun-dry). The skill lies in preserving the tea's inherent softness and aromatic delicacy throughout the process.","Minimal oxidation (<5%) from processing. The focus is on preserving the gentle, floral nature of the fresh leaves for aging.",No roasting. Sun-drying is the essential final step that defines Pu'er and allows the tea to age gracefully over decades.,"Extremely specialized. Yiwu Da Ye is a prized 'terroir-specific' cultivar used exclusively for making soft, elegant, and highly sought-after Sheng Pu'er.",drafted
yutakamidori,Yutakamidori,ゆたかみどり / 豊緑,,Japan,Kagoshima,1966,,"'Abundant Green'. An early-budding cultivar, very popular in the warmer Kagoshima region, especially for deep-steamed Sencha.",,,,,,,drafted
zairai,Zairai,在来,Heirloom;Native Species,Japan,Various,0,N/A (Seed-propagated native population).,"'Conventional' or 'Native'. This is not a single cultivar, but the crucial designation for Japan's heirloom, seed-propagated tea populations. Before modern clonal agriculture, all tea was Zairai. Each Zairai field is a unique, genetically diverse ecosystem, producing a tea with a complex, rustic, and deeply terroir-driven flavor that cannot be replicated by a single clone.",Highly variable; a genetically diverse population of bushes and trees that have adapted to their specific location over centuries (Camellia sinensis var. sinensis).,"Extremely well-adapted to its specific, long-standing local environment. Zairai fields are often found in older, more remote, or organically-focused tea gardens.","Processing Zairai requires great skill from the tea master, as the leaves are not uniform in size, shape, or moisture content. The master must adapt their technique to the specific characteristics of each unique batch.","Oxidation can vary completely depending on the tea being made, from zero (for Sencha) to full (for Wakocha).","Roasting is highly dependent on the final tea style. Zairai can be unroasted for Sencha, or heavily roasted to produce a deep, comforting Hojicha.","The ultimate in versatility. As a genetically diverse population, Zairai can be crafted into almost any style of tea. Each expression is a unique snapshot of a specific place and time, prized by connoisseurs for its depth and authenticity.",drafted
zhenghe-da-bai,Zhenghe Da Bai,政和大白,Hua Cha #2 (technical name),China,Zhenghe (Fujian),1890,Selected from the native Zhenghe heirloom population.,"'Zhenghe Big White'. A close cousin to Fuding Da Bai, this cultivar is the foundation of white tea from the inland Zhenghe region. It is known for producing white teas that are fuller-bodied, darker in color, and deeper in flavor compared to those from Fuding, often with notes of dried fruit and wood. It is also a key cultivar for some Fujian black teas.","Vigorous, semi-arbor type with a later budding time than Fuding Da Bai (Camellia sinensis var. sinensis).","Thrives in the cooler, high-altitude, and foggy inland environment of Zhenghe County. The longer growing cycle contributes to its deeper flavor accumulation.","The processing for Zhenghe white tea is similar to Fuding (long withering, gentle drying), but the later-budding, slower-growing nature of the cultivar results in a different final product. The leaves accumulate different compounds, leading to a deeper flavor.","Undergoes a slightly higher degree of natural oxidation during its longer withering process compared to Fuding teas, which contributes to its darker color and deeper flavor profile.","Like other white teas, it is not roasted. The final step is a thorough, low-temperature drying.","Quite versatile. It is a star performer for a distinct style of white tea and is also one of the classic, foundational cultivars for traditional Fujian black tea (Congou/Gongfu style).",drafted
zhi-lan-xiang,Zhi Lan Xiang,芝兰香,Orchid Dan Cong,China,Phoenix Mountains (Guangdong),1644,"One of the oldest and most classic fragrance types, selected from the native Phoenix Mountain population.","'Orchid Fragrance'. A benchmark Phoenix Dan Cong oolong, considered one of the most classic and elegant expressions of a floral Dan Cong. It is prized for its refined, high-pitched, and pure orchid fragrance, which is less fruity than Mi Lan Xiang and more focused and delicate, representing a connoisseur's floral profile.","Medium-sized arbor with long, yellowish-green leaves (Camellia sinensis var. sinensis).","Grows in the high-altitude terroir of Wudong Mountain within the Phoenix range, which is considered the best area for producing Dan Congs with elegance and complexity.","The processing of Zhi Lan Xiang requires an expert hand. The goal is to achieve a perfect, clean expression of its orchid aroma without any off-notes. This demands precise control over withering, bruising, and oxidation.","Oxidation is typically in the lighter-medium range (25-35%). This keeps the profile bright, fresh, and focused on the high-note floral aromatics.","Receives a very light, low-temperature finishing roast. The bake is just enough to ensure stability and remove any residual greenness, allowing the pure orchid fragrance to be the star.",Completely specialized for the high-end Dan Cong oolong style. Its value is derived entirely from its masterful expression of a pure and elegant floral profile.,drafted
zi-juan,Zi Juan,紫娟,Purple Beauty,China,Yunnan,1990,A clonal selection from a natural purple-leaf mutation of C. sinensis var. assamica.,"'Purple Juan'. A unique and modern Yunnan cultivar developed from a natural purple-leaf mutation of the Da Ye (Assamica) varietal. Its most striking feature is its deep purple leaves, buds, and stems, a result of a very high concentration of anthocyanins. The finished tea has a distinct flavor profile, often with berry-like and slightly medicinal notes.","Upright, medium-sized bush with a striking purple coloration throughout the plant (Camellia sinensis var. assamica).","Grown in the high-altitude tea regions of Yunnan, where strong sunlight is thought to enhance its purple pigmentation.","Processing Zi Juan requires care to manage its higher-than-average astringency and bitterness. The processing method (green, black, or Pu'er) dramatically changes its final flavor profile.",Oxidation levels can vary from none (green/Pu'er) to full (black tea). Full oxidation can help to mellow some of its natural astringency.,"No roasting is typically applied. Like Pu'er, it is often sun-dried for green tea styles, or oven-dried for black tea styles.","Moderately versatile. It can be crafted into several different types of tea, but its unique and assertive flavor profile means it will always be a niche, specialty product rather than a mainstream tea.",drafted
