name_english,name_native,description,origin_country,origin_region,development_year,scientific_name,historical_background,growth_habits,leaf_characteristics,image_url,harvest_seasons,processing_suitability
Tie Guan Yin,铁观音,"'Iron Goddess of Mercy'. One of China's most famous oolongs, with two distinct processing styles.",China,Anxi (Fujian),18th Century,Camellia sinensis var. sinensis,"Legend tells of a devout farmer who was gifted the plant in a dream by the Bodhisattva Guanyin. The cultivar is technically known as 'Hong Xin Wai Wei Tao' (Red Heart Crooked Tail Peach).",Upright bush with strong branches,Thick, oval, deep green leaves with blunt, serrated edges,,Spring,Autumn,Winter,"Anxi Oolong (Green & Baked styles)"
Ben Shan,本山,"'Original Mountain'. A close relative of Tie Guan Yin, often used as a more affordable alternative or blender.",China,Anxi (Fujian),Qing Dynasty,Camellia sinensis var. sinensis,"Grown in the mountains neighboring Anxi, it is genetically similar to Tie Guan Yin but produces a lighter-bodied tea.",Upright bush, similar to TGY,Lighter green, thinner leaves than TGY,,Spring,Autumn,Anxi Oolong
Mao Xie,毛蟹,"'Hairy Crab'. An Anxi oolong cultivar named for the downy hairs on its leaves.",China,Anxi (Fujian),Early 20th Century,Camellia sinensis var. sinensis,"Named for the fine white hairs (down) on its leaves and the shape of the brewed leaf. It is a productive and fragrant cultivar.",Semi-spreading bush with dense branches,Downy, elliptical, bright green leaves,,Spring,Autumn,Anxi Oolong
Da Hong Pao,大红袍,"'Big Red Robe', the most famous Wuyi Rock Oolong. Most modern DHP is a blend, but the name refers to legendary mother trees.",China,Wuyi Mountains (Fujian),Ming Dynasty,Camellia sinensis var. sinensis,"Legend says the tea cured an emperor's mother, who then draped her red robes over the bushes in gratitude. The original 6 mother trees are a national treasure.",Sturdy, medium-sized bush,Dark green, elliptical leaves,,Spring,"Wuyi Rock Oolong (Yancha)"
Rou Gui,肉桂,"'Cassia/Cinnamon'. A top-tier Wuyi Rock Oolong prized for its pronounced spicy aroma. One of the most popular Yancha cultivars today.",China,Wuyi Mountains (Fujian),Qing Dynasty,Camellia sinensis var. sinensis,"Originally from a different area, it was found to thrive in Wuyi's rocky terroir, becoming a star cultivar.",Medium-sized bush, vigorous growth,Elliptical, relatively thick, dark green leaves,,Spring,"Wuyi Rock Oolong (Yancha)"
Shui Xian,水仙,"'Water Sprite' or 'Narcissus'. A versatile and common Wuyi Rock Oolong cultivar, prized for its woody depth, especially from old groves (Lao Cong).",China,Wuyi Mountains (Fujian),Late Qing Dynasty,Camellia sinensis var. sinensis,"Originally from Southern Fujian, it was transplanted to Wuyi where it developed a unique character. 'Lao Cong' (old grove) Shui Xian is highly sought after.",Can grow into a small tree (arbor), large, dark, elliptical leaves,Large, dark, long elliptical leaves,,Spring,"Wuyi Rock Oolong (Yancha),Black Tea"
Tie Luo Han,铁罗汉,"'Iron Arhat'. One of the four great historical Wuyi cultivars, known for its powerful character and medicinal notes.",China,Wuyi Mountains (Fujian),Song/Ming Dynasty,Camellia sinensis var. sinensis,"One of the oldest named Wuyi cultivars, fabled to have been discovered by a powerful monk (Arhat).",Sturdy bush,Dark, slightly twisted leaves,,Spring,"Wuyi Rock Oolong (Yancha)"
Bai Ji Guan,白鸡冠,"'White Cockscomb'. A unique Wuyi cultivar with pale, yellowish leaves, processed with a lighter roast.",China,Wuyi Mountains (Fujian),Ming Dynasty,Camellia sinensis var. sinensis,"Named for the unique pale color and shape of its leaves. It's an outlier among Yancha for its light oxidation and roast.",Small, slow-growing bush,Pale yellowish-green leaves,,Spring,"Wuyi Rock Oolong (Yancha)"
Shui Jin Gui,水金龟,"'Golden Water Turtle'. Another of the four great Wuyi cultivars, known for a vibrant and lasting floral fragrance.",China,Wuyi Mountains (Fujian),Late Qing Dynasty,Camellia sinensis var. sinensis,"Legend says the original bush was washed by a flood from its monastery home to a new location, hence the name.",Vigorous bush,Bright green, medium-sized leaves,,Spring,"Wuyi Rock Oolong (Yancha)"
Ban Tian Yao,半天腰,"'Half-way to the Sky'. A famous Wuyi cultivar named because the original bush grew halfway up a cliff face.",China,Wuyi Mountains (Fujian),Qing Dynasty,Camellia sinensis var. sinensis,"A classic and elegant Yancha, known for being perfectly balanced and representative of the Wuyi character without extreme notes.",Upright bush,Medium-sized, elliptical leaves,,Spring,"Wuyi Rock Oolong (Yancha)"
Huang Guan Yin,黄观音,"'Yellow Goddess'. A modern hybrid of Tie Guan Yin and Huang Jin Gui, bred for exceptionally high fragrance.",China,Wuyi Mountains (Fujian),1990s,Camellia sinensis var. sinensis hybrid,"A successful modern cultivar that combines the aroma of its parents and adapts it to the Wuyi terroir, resulting in a powerfully fragrant Yancha.",Vigorous, productive bush,Yellowish-green, vibrant leaves,,Spring,"Wuyi Rock Oolong (Yancha)"
Huang Jin Gui,黄金桂,"'Golden Osmanthus'. An Anxi Oolong known for its extremely fragrant, almost perfume-like aroma.",China,Anxi (Fujian),19th Century,Camellia sinensis var. sinensis,"Named for its golden liquor color and intense osmanthus flower aroma. It is an early-budding cultivar.",Spreading bush, very productive,Thin, yellowish-green leaves with sharp serrations,,Spring,Anxi Oolong
Fuding Da Bai,福鼎大白,"'Fuding Big White', the premier cultivar for producing high-grade white teas like Silver Needle.",China,Fuding (Fujian),Late 19th Century,Camellia sinensis var. sinensis,"Selected and propagated in the Fuding area for its exceptionally large, downy buds, becoming the gold standard for white tea production.",Vigorous, large bush,Large, fleshy, light green leaves covered in dense white down (hao),,Early Spring,"White Tea (Silver Needle, White Peony)"
Zhenghe Da Bai,政和大白,"'Zhenghe Big White'. Another key white tea cultivar, known for producing a fuller-bodied tea than its Fuding counterpart.",China,Zhenghe (Fujian),Late 19th Century,Camellia sinensis var. sinensis,"Developed in the Zhenghe region, it has slightly smaller buds than Fuding Da Bai and is also used for black tea production (e.g., Panyong Congou).",Vigorous bush,Slightly smaller leaves than Fuding Da Bai, also downy,,Early Spring,"White Tea,Black Tea"
Wuyi Cai Cha,武夷菜茶,"'Wuyi Vegetable Tea'. The local heirloom seed-grown population, and the original cultivar for Lapsang Souchong.",China,Wuyi Mountains (Fujian),Ancient,Camellia sinensis var. sinensis,"This is the native, genetically diverse small-leaf population of the Wuyi region, predating all the named clonal cultivars.",Variable growth habits,Small, hardy leaves,,Spring,"Lapsang Souchong (Black Tea)"
Mi Lan Xiang,米兰香,"'Honey Orchid Fragrance'. The most popular and representative Dan Cong oolong, known for its intoxicating aroma.",China,Phoenix Mountains (Guangdong),Qing Dynasty,Camellia sinensis var. sinensis,"A specific fragrance-type selected from the local Shui Xian population in the Phoenix Mountains, bred to mimic the scent of honey and orchids.",Tall, tree-like growth (arbor),Long, elegant, dark green leaves,,Spring,"Dan Cong Oolong"
Ya Shi Xiang,鸭屎香,"'Duck Shit Fragrance'. Famously misnamed, this Dan Cong is celebrated for its creamy texture and gardenia aroma.",China,Phoenix Mountains (Guangdong),~19th Century,Camellia sinensis var. sinensis,"Legend says a farmer gave it an ugly name to deter theft. Now often marketed as 'Yin Hua Xiang' (Honeysuckle Fragrance).",Upright arbor,Dark green, broad leaves,,Spring,"Dan Cong Oolong"
Xing Ren Xiang,杏仁香,"'Almond Fragrance'. A classic Dan Cong fragrance type known for its distinct nutty, marzipan-like aroma.",China,Phoenix Mountains (Guangdong),Qing Dynasty,Camellia sinensis var. sinensis,"One of the ten traditional fragrance types of Dan Cong, selected for its unique nutty aromatic profile.",Medium arbor,Ovate, dark green leaves,,Spring,"Dan Cong Oolong"
Zhi Lan Xiang,芝兰香,"'Orchid Fragrance'. A classic Dan Cong prized for its elegant, refined, and high-pitched orchid notes.",China,Phoenix Mountains (Guangdong),Qing Dynasty,Camellia sinensis var. sinensis,"Considered one of the most elegant and classic Dan Cong profiles, it is a benchmark for floral aroma.",Medium arbor,Long, yellowish-green leaves,,Spring,"Dan Cong Oolong"
Song Zhong,宋种,"'Song Dynasty Cultivar'. Descendants of the oldest known tea tree on Wudong Mountain, the apex of Dan Cong oolongs.",China,Phoenix Mountains (Guangdong),Song Dynasty,Camellia sinensis var. sinensis,"Refers to tea made from the direct descendants of a tree said to be over 600 years old. Very rare and prized for its depth and power.",Old, gnarled arbor trees,Variable, often dark and long,,Spring,"Dan Cong Oolong"
Ba Xian,八仙,"'Eight Immortals'. A clonal Dan Cong cultivar known for its very strong, assertive fragrance and powerful character.",China,Phoenix Mountains (Guangdong),1990s,Camellia sinensis var. sinensis,"A clonal cultivar developed from eight cuttings of a Song Zhong tree, hence the name. It is known for its intense aroma.",Vigorous arbor,Dark green, shiny leaves,,Spring,"Dan Cong Oolong"
Long Jing #43,龙井43号,"The most widespread modern clone for producing West Lake Long Jing. Prized for its early budding, beautiful appearance, and high yield.",China,Hangzhou (Zhejiang),1970s,Camellia sinensis var. sinensis,"Developed by the Tea Research Institute of the Chinese Academy of Agricultural Sciences from the local Long Jing Qunti population to standardize and improve yield.",Compact bush, an early-sprouting cultivar,Small, tender, bright green leaves,,Early Spring (Pre-Qingming),"Green Tea (Long Jing)"
Long Jing Qunti Zhong,龙井群体种,"The original, heirloom 'population' of mixed Long Jing cultivars, propagated by seed. Considered more complex by connoisseurs.",China,Hangzhou (Zhejiang),Ancient,Camellia sinensis var. sinensis,"This is the original genetic pool of West Lake Long Jing before modern clonal selection. It has greater biodiversity and a later harvest time than #43.",Variable growth due to genetic diversity,Variable leaf shapes and sizes,,Spring,"Green Tea (Long Jing)"
Anji Bai Cha,安吉白茶,"'Anji White Tea', a green tea cultivar whose leaves turn a pale, whitish-green in early spring, yielding a tea high in amino acids.",China,Anji (Zhejiang),Discovered 1982,Camellia sinensis var. sinensis,"A rare mutation where low spring temperatures inhibit chlorophyll production. It is processed as a green tea despite its name.",Delicate bush, sensitive to temperature,Pale, almost white leaves in early spring, then turn green,,Very Early Spring,Green Tea
Bi Luo Chun Qunti,碧螺春群体,"The local heirloom population for Bi Luo Chun green tea, known for its intense fruitiness and delicate, downy leaves.",China,Dongting, Jiangsu,Ancient,Camellia sinensis var. sinensis,"The original small-leaf, seed-propagated population from the Dongting mountains, traditionally intercropped with fruit trees.",Small, sprawling bushes,Small, tender, and extremely downy leaves,,Early Spring,Green Tea
Huangshan Qunti Zhong,黄山群体种,"The local heirloom population of Huangshan (Yellow Mountain), used for the famous Huangshan Maofeng green tea.",China,Huangshan, Anhui,Ancient,Camellia sinensis var. sinensis,"The native, seed-grown population of the Yellow Mountain scenic area, known for its sweet and floral character.",Variable growth habits,Tender, pointed leaves,,Spring,Green Tea
Shi Da Cha,柿大茶,"'Persimmon Big Tea'. A unique, massive-leaf cultivar used exclusively for making Tai Ping Hou Kui green tea.",China,Taiping, Anhui,Early 20th Century,Camellia sinensis var. sinensis,"A unique large-leaf cultivar local to Taiping county, which produces visually stunning, long, flat leaves when processed.",Large, robust bush,Extremely large, long, dark green leaves,,Spring,Green Tea
Da Ye Zhong,大叶种,"'Big Leaf Variety'. This refers to the broad-leaf varietal, C. sinensis var. assamica, the genetic backbone of all Yunnan tea.",China,Yunnan,Ancient,Camellia sinensis var. assamica,"The ancestor of all tea, this varietal is native to the region encompassing Yunnan, Myanmar, and Assam, India.",Can grow into a large tree,Varies by region, but generally large, robust leaves,,Spring,Summer,Autumn,"Pu'er (Sheng & Shu),Dian Hong (Black Tea)"
Zi Juan,紫娟,"'Purple Juan'. A modern Yunnan cultivar developed from a natural purple-leaf mutation, very high in anthocyanins.",China,Yunnan,1990s,Camellia sinensis var. assamica,"Developed at the Yunnan Tea Research Institute from a purple-leaf mutation for its unique chemical composition and striking appearance.",Upright bush,Leaves, buds, and stems are a deep purple color,,Spring,"Pu'er,Black Tea,Green Tea"
Qi Men Zhong,祁门种,"'Qimen Species'. The local heirloom population used for all Keemun black teas, famous for its complex aroma.",China,Qimen (Anhui),Late 19th Century,Camellia sinensis var. sinensis,"These are the local small-leaf cultivars that, when processed into black tea using newly learned techniques in the 1870s, yielded the unique 'Keemun fragrance'.",Small-leaf bushes,Variable due to being a population,Small, tender leaves,,Spring,Summer,"Black Tea (Keemun)"
Qing Xin,青心,"'Green Heart'. The quintessential cultivar for Taiwanese high mountain oolongs, prized for its ability to express terroir.",Taiwan,"High Mountains (Lishan, Alishan)",Late 19th Century,Camellia sinensis var. sinensis,"Brought from Fujian, China, it became the most valued cultivar in Taiwan for its elegant character, especially when grown at high altitudes.",Relatively small bush, requires careful cultivation,Small, thick, oval green leaves,,Spring,Winter,"High Mountain Oolong,Baozhong Oolong"
Jin Xuan,金萱 / TRES #12,"'Golden Lily'. A modern TRES-bred cultivar famous for its distinct, natural milky fragrance.",Taiwan,Nantou,1981,Camellia sinensis var. sinensis,"Developed by the Taiwan Tea Research and Extension Station (TRES), it was a massive success due to its unique flavor profile and high yield.",Vigorous and adaptable bush,Round, thick, vibrant green leaves,,Spring,Summer,Autumn,Winter,"Oolong (Milk Oolong),Black Tea"
Si Ji Chun,四季春,"'Four Seasons Spring'. A prolific cultivar known for its explosive floral aroma, harvestable almost year-round.",Taiwan,Nantou,Discovered 1980s,Camellia sinensis var. sinensis,"A natural cross found by a farmer in the Muzha area. Its productivity and strong aroma made it commercially successful.",Very vigorous, dense bush,Light green, elliptical leaves,,Year-round,"Oolong (Baozhong style)"
Qing Xin Da Mao,青心大冇,"'Green Heart Big Hairy'. The primary cultivar for Oriental Beauty oolong, requiring bites from a specific insect to develop its flavor.",Taiwan,Hsinchu, Miaoli,Late 19th Century,Camellia sinensis var. sinensis,"A relative of Qing Xin Oolong, this cultivar responds perfectly to the bites of the tea leafhopper (Jacobiasca formosana), creating a unique honey fragrance.",Sprawling bush, a bit unruly,Slightly larger and hairier leaves than Qing Xin,,Summer,"Oriental Beauty Oolong"
Cui Yu,翠玉 / TRES #13,"'Jade'. A TRES-bred cultivar known for a powerful floral aroma, often compared to magnolia.",Taiwan,Nantou,1981,Camellia sinensis var. sinensis,"Released alongside Jin Xuan, it's another high-yield, aromatic cultivar, though generally considered crisper and more purely floral than its sibling.",Vigorous bush,Slightly more pointed leaves than Jin Xuan,,Four Seasons,Oolong
Hong Yu,红玉 / TRES #18,"'Ruby'. A famous TRES-bred hybrid, creating Taiwan's most unique black tea.",Taiwan,Sun Moon Lake (Nantou),1999,C. sinensis var. assamica x C. formosensis,"A hybrid of a native Taiwanese wild tea tree (C. formosensis) and a Burmese Assamica varietal. Bred specifically for black tea.",Vigorous, large-leaf bush,Large, elongated, dark green leaves,,Summer,Black Tea
Hong Yun,红韵 / TRES #21,"'Red Rhyme'. A modern TRES-bred black tea cultivar with a distinct citrusy and floral character.",Taiwan,Sun Moon Lake (Nantou),2008,Camellia sinensis hybrid,"A hybrid between an Indian 'Kyang' variety and a Keemun cultivar, designed to produce a highly aromatic black tea.",Vigorous bush, a bit smaller than Hong Yu,Dark green leaves,,Summer,Black Tea
Fo Shou,佛手,"'Buddha's Hand'. A large-leaf cultivar grown in both Fujian and Taiwan, known for its thick body and fruity notes.",Taiwan,Muzha, Pinglin,Qing Dynasty,Camellia sinensis var. sinensis,"The same cultivar as from Fujian, but it expresses itself differently in Taiwan's terroir and with local processing styles.",Large, sprawling bush,Very large, broad, dark green leaves,,Spring,Autumn,"Oolong (Traditional Baked)"
Ying Xiang,迎香 / TRES #20,"'Welcome Fragrance'. A new-generation TRES cultivar bred for a powerful and elegant floral aroma.",Taiwan,Nantou,2014,Camellia sinensis var. sinensis,"A modern cultivar designed to have the elegance of Qing Xin but with a more intense, tropical floral character. A promising new release.",Vigorous bush,Medium-sized leaves,,Spring,Winter,"Oolong (Baozhong style)"
Bai Wen,白文 / TRES #17,"'White Hairs'. A modern TRES cultivar bred specifically for making leafhopper-bitten teas like Oriental Beauty.",Taiwan,Hsinchu, Miaoli,2000s,Camellia sinensis var. sinensis,"Developed as a more pest-resistant and productive alternative to Qing Xin Da Mao for producing high-quality honey-fragrance teas.",Vigorous bush, a bit larger than Qing Xin Da Mao,Large, downy leaves,,Summer,"Oriental Beauty Oolong"
Taiwanese Wild Tea,台灣山茶,"The native Taiwanese wild tea species, genetically distinct from C. sinensis. Used in breeding and for specialty wild-harvested teas.",Taiwan,Various,Ancient,Camellia formosensis,"The indigenous tea species of Taiwan. It is the genetic parent of Hong Yu #18 and is valued for its unique, wild character.",Wild-growing tree, can be very large,Long, leathery leaves with distinct serration,,Spring,"Black Tea,Scented Tea"
Yabukita,やぶきた / 薮北,"The undisputed king of Japanese tea, accounting for ~75% of all production. It is the benchmark for classic Sencha flavor.",Japan,Shizuoka,1908,Camellia sinensis var. sinensis,"Discovered by Hikosaburo Sugiyama in a bamboo grove ('Yabu'). Registered in 1953, its balance and hardiness led to its nationwide dominance.",Hardy, vigorous, adaptable bush,Classic elliptical green leaves,,Spring,Early Summer,"Sencha,Gyokuro,Matcha,Bancha"
Yutakamidori,ゆたかみどり / 豊緑,"'Abundant Green'. An early-budding cultivar, very popular in the warmer Kagoshima region, especially for deep-steamed Sencha.",Japan,Kagoshima,1966,Camellia sinensis var. sinensis,"An early-budding cultivar that became popular in southern Japan for its high yield and suitability for deep-steaming, which reduces its natural astringency.",Vigorous, early-budding,Broad, bright green leaves,,Early Spring,"Fukamushi Sencha"
Saemidori,さえみどり / 冴緑,"'Clear Green'. A modern elite cultivar prized for its vibrant color and low bitterness. A hybrid of Yabukita and Asatsuyu.",Japan,Fukuoka,1990,Camellia sinensis var. sinensis,"Bred for superior color and a sweeter, umami-rich profile. Often used in competition-grade teas.",Medium vigor, sensitive to cold,Bright emerald green leaves,,Early Spring,Spring,"Sencha,Gyokuro,Matcha"
Okumidori,おくみどり / 奥緑,"'Late Green'. A late-budding, versatile cultivar with a rich, creamy flavor, often used for Matcha or blended with Yabukita.",Japan,Shizuoka,1974,Camellia sinensis var. sinensis,"A hybrid of Yabukita and a Zairai, it is harvested after Yabukita, extending the harvest season. Its balanced profile makes it a superb blender.",Late-budding, vigorous,Dark green leaves,,Spring,"Sencha,Matcha"
Goko,ごこう / 梧光,"'Enlightenment'. A classic, elite Uji cultivar bred specifically for shaded teas like Gyokuro and Matcha.",Japan,Kyoto (Uji),Pre-1953,Camellia sinensis var. sinensis,"An old, traditional Uji cultivar selected for its exceptional response to shading, creating the archetypal deep umami flavor of Gyokuro.",Medium-sized bush,Dark green, slightly glossy leaves,,Spring,"Gyokuro,Tencha (for Matcha)"
Ujihikari,うじひかり / 宇治光,"'Light of Uji'. A premier Uji cultivar for high-grade Gyokuro and Matcha, known for its elegant character and bright color.",Japan,Kyoto (Uji),1950s,Camellia sinensis var. sinensis,"Another elite cultivar from Uji's breeding programs, selected for its refined aroma and brilliant green liquor.",Upright growth,Bright, lustrous green leaves,,Spring,"Gyokuro,Tencha (for Matcha)"
Samidori,さみどり,"A foundational Uji cultivar, widely used for high-grade Matcha due to its excellent color and balanced flavor.",Japan,Kyoto (Uji),Pre-1953,Camellia sinensis var. sinensis,"One of the core Uji cultivars that has been a workhorse for the Matcha industry for decades.",Vigorous bush,Well-shaped, dark green leaves,,Spring,"Tencha (for Matcha)"
Asahi,あさひ / 朝日,"'Morning Sun'. A top-tier Uji cultivar used for the highest grades of ceremonial Matcha.",Japan,Kyoto (Uji),Pre-1953,Camellia sinensis var. sinensis,"An old, elite Uji cultivar prized for its supremely elegant and sweet umami profile, with almost no bitterness.",Delicate, slower growth,Thin, bright green leaves,,Spring,"Tencha (for Matcha)"
Koshun,香駿,"'Fragrance of Shizuoka'. A modern cultivar bred specifically for its astonishingly powerful floral and fruity aroma.",Japan,Shizuoka,2000,Camellia sinensis var. sinensis,"Bred from 'Kurizawa' and 'Kanayamidori', its unique aroma profile makes it a standout for modern, fragrant Senchas and Japanese oolongs.",Upright, vigorous bush,Long, elegant leaves,,Spring,"Sencha,Japanese Oolong"
Sofu,そうふう / 蒼風,"'Blue Wind'. A modern aromatic cultivar known for its striking, almost perfume-like aroma of black currant and mint.",Japan,Saitama,2001,Camellia sinensis var. sinensis,"Another modern aromatic cultivar, often used for unique Senchas or lightly oxidized Japanese oolongs.",Vigorous bush,Medium-sized leaves,,Spring,"Sencha,Japanese Oolong"
Okuhikari,おくひかり / 奥光,"'Late Light'. A late-budding cultivar with a refreshing, brisk mouthfeel and a distinct floral and woody character.",Japan,Shizuoka,1978,Camellia sinensis var. sinensis,"A versatile late-harvest cultivar that provides a unique flavor profile different from the main Sencha types.",Vigorous, late-budding,Slightly elongated leaves,,Spring,Sencha
Takachiho,高千穂,"A classic cultivar specific to the Kamairicha-producing regions of Kyushu, known for its excellent pan-fired character.",Japan,Miyazaki,1960,Camellia sinensis var. sinensis,"A traditional cultivar selected for its ability to withstand pan-firing, producing a signature nutty and roasted aroma (kama-ka).",Medium bush,Medium-sized, robust leaves,,Spring,"Kamairicha (Pan-fired Green Tea)"
Benifuki,べにふうき / 紅富貴,"'Red Riches'. Japan's most famous black tea cultivar, a hybrid of Assamica varieties.",Japan,Kagoshima,1993,Camellia sinensis var. assamica hybrid,"Bred from 'Benihomare' and a Darjeeling-lineage parent. Also famous for high levels of methylated catechins, studied for anti-allergy effects.",Vigorous, large-leaf Assamica type,Large, reddish-green leaves,,Summer,"Black Tea (Wakocha)"
Benihikari,べにひかり / 紅ひかり,"'Red Light'. A classic Japanese black tea cultivar with Darjeeling lineage, known for its muscatel-like aroma.",Japan,Kagoshima,1969,Camellia sinensis var. assamica hybrid,"An earlier black tea hybrid, it is more aromatic and less astringent than Benifuki, often compared to a second-flush Darjeeling.",Vigorous, large-leaf bush,Dark, glossy leaves,,Summer,"Black Tea (Wakocha)"
Zairai,在来,"'Conventional'. The term for any un-cloned, seed-propagated heirloom tea bush population in Japan, representing pre-modern tea genetics.",Japan,Various,Ancient,Camellia sinensis var. sinensis (population),"Before the development of clonal cultivars, all Japanese tea came from Zairai fields. They possess huge genetic diversity and regional character.",Highly variable; bushes grow differently from seed,Highly variable in size, shape, and color,,Spring,Summer,"Sencha,Bancha,Kamairicha,Wakocha"